paper_id;year;title;abstract;key words;manual_class;gpt_class;trend_stage_numeric;classification_agreement
1;2019;Digital Twin in Industry: State-of-the-Art;"Digital twin (DT) is one of the most promising
enabling technologies for realizing smart manufacturing
and Industry 4.0. DTs are characterized by the seamless
integration between the cyber and physical spaces. The
importance of DTs is increasingly recognized by both
academia and industry. It has been almost 15 years since
the concept of the DT was initially proposed. To date, many
DT applications have been successfully implemented in
different industries, including product design, production,
prognostics and health management, and some other
f
ields. However, at present, no paper has focused on the
review of DT applications in industry. In an effort to under
stand the development and application of DTs in industry,
this paper thoroughly reviews the state-of-the-art of the
DT research concerning the key components of DTs, the
current development of DTs, and the major DT applications
in industry. This paper also outlines the current challenges
and some possible directions for future work.";"Data models; Industries; Computational modeling; Smart manufacturing; Patents; History";Mature;Mature;4;1
2;2018;Industry 4.0: state of the art and future trends;Rapid advances in industrialisation and informatisation methods have spurred tremendous progress in developing the next generation of manufacturing technology. Today, we are on the cusp of the Fourth Industrial Revolution. In 2013, amongst one of 10 ‘Future Projects’ identified by the German government as part of its High-Tech Strategy 2020 Action Plan, the Industry 4.0 project is considered to be a major endeavour for Germany to establish itself as a leader of integrated industry. In 2014, China’s State Council unveiled their ten-year national plan, Made-in-China 2025, which was designed to transform China from the world’s workshop into a world manufacturing power. Made-in-China 2025 is an initiative to comprehensively upgrade China’s industry including the manufacturing sector. In Industry 4.0 and Made-in-China 2025, many applications require a combination of recently emerging new technologies, which is giving rise to the emergence of Industry 4.0. Such technologies originate from different disciplines including cyber-physical Systems, IoT, cloud computing, Industrial Integration, Enterprise Architecture, SOA, Business Process Management, Industrial Information Integration and others. At this present moment, the lack of powerful tools still poses a major obstacle for exploiting the full potential of Industry 4.0. In particular, formal methods and systems methods are crucial for realising Industry 4.0, which poses unique challenges. In this paper, we briefly survey the state of the art in the area of Industry 4.0 as it relates to industries.;"Industrie 4.0; Industry 4.0; Made-in-China 2025; cyber-physical systems; smart manufacturing; Internet of Things; cloud computing; industrial integration; enterprise architecture; service-oriented architecture; business process management; industrial information integration; formal methods";Mature;Buzz;4;0
3;2018;Industrial Internet of Things: Challenges, Opportunities, and Directions;Internet of Things (IoT) is an emerging domain that promises ubiquitous connection to the Internet, turning common objects into connected devices. The IoT paradigm is changing the way people interact with things around them. It paves the way for creating pervasively connected infrastructures to support innovative services and promises better flexibility and efficiency. Such advantages are attractive not only for consumer applications, but also for the industrial domain. Over the last few years, we have been witnessing the IoT paradigm making its way into the industry marketplace with purposely designed solutions. In this paper, we clarify the concepts of IoT, Industrial IoT, and Industry 4.0. We highlight the opportunities brought in by this paradigm shift as well as the challenges for its realization. In particular, we focus on the challenges associated with the need of energy efficiency, real-time performance, coexistence, interoperability, and security and privacy. We also provide a systematic overview of the state-of-the-art research efforts and potential research directions to solve Industrial IoT challenges.;"Industries; Reliability; Internet of Things; Informatics; Real-time systems; Production";Mature;Mature;4;1
4;2017;Intelligent Manufacturing in the Context of Industry 4.0: A Review;Our next generation of industry—Industry 4.0—holds the promise of increased flexibility in manufacturing, along with mass customization, better quality, and improved productivity. It thus enables companies to cope with the challenges of producing increasingly individualized products with a short lead-time to market and higher quality. Intelligent manufacturing plays an important role in Industry 4.0. Typical resources are converted into intelligent objects so that they are able to sense, act, and behave within a smart environment. In order to fully understand intelligent manufacturing in the context of Industry 4.0, this paper provides a comprehensive review of associated topics such as intelligent manufacturing, Internet of Things (IoT)-enabled manufacturing, and cloud manufacturing. Similarities and differences in these topics are highlighted based on our analysis. We also review key technologies such as the IoT, cyber-physical systems (CPSs), cloud computing, big data analytics (BDA), and information and communications technology (ICT) that are used to enable intelligent manufacturing. Next, we describe worldwide movements in intelligent manufacturing, including governmental strategic plans from different countries and strategic plans from major international companies in the European Union, United States, Japan, and China. Finally, we present current challenges and future research directions. The concepts discussed in this paper will spark new ideas in the effort to realize the much-anticipated Fourth Industrial Revolution.;"Intelligent manufacturing; Industry 4.0; Internet of Things; Manufacturing systems; Cloud manufacturing; Cyber-physical system";Mature;Mature;4;1
5;2019;Industry 4.0 technologies: Implementation patterns in manufacturing companies;Industry 4.0 has been considered a new industrial stage in which several emerging technologies are converging to provide digital solutions. However, there is a lack of understanding of how companies implement these technologies. Thus, we aim to understand the adoption patterns of Industry 4.0 technologies in manufacturing firms. We propose a conceptual framework for these technologies, which we divided into front-end and base technologies. Front-end technologies consider four dimensions: Smart Manufacturing, Smart Products, Smart Supply Chain and Smart Working, while base technologies consider four elements: internet of things, cloud services, big data and analytics. We performed a survey in 92 manufacturing companies to study the implementation of these technologies. Our findings show that Industry 4.0 is related to a systemic adoption of the front-end technologies, in which Smart Manufacturing plays a central role. Our results also show that the implementation of the base technologies is challenging companies, since big data and analytics are still low implemented in the sample studied. We propose a structure of Industry 4.0 technology layers and we show levels of adoption of these technologies and their implication for manufacturing companies.;"Industry 4.0; smart manufacturing; digital transformation; manufacturing companies";Mature;Mature;4;1
6;2018;Deep learning for smart manufacturing: Methods and applications;Smart manufacturing refers to using advanced data analytics to complement physical science for improving system performance and decision making. With the widespread deployment of sensors and Internet of Things, there is an increasing need of handling big manufacturing data characterized by high volume, high velocity, and high variety. Deep learning provides advanced analytics tools for processing and analysing big manufacturing data. This paper presents a comprehensive survey of commonly used deep learning algorithms and discusses their applications toward making manufacturing “smart”. The evolvement of deep learning technologies and their advantages over traditional machine learning are firstly discussed. Subsequently, computational methods based on deep learning are presented specially aim to improve system performance in manufacturing. Several representative deep learning models are comparably discussed. Finally, emerging topics of research on deep learning are highlighted, and future trends and challenges associated with deep learning for smart manufacturing are summarized.;"Data analytics; smart manufacturing; computational intelligence; deep learning†";Mature;Emerging;4;0
7;2017;Industry 4.0: A survey on technologies, applications and open research issues;Originally initiated in Germany, Industry 4.0, the fourth industrial revolution, has attracted much attention in recent literatures. It is closely related with the Internet of Things (IoT), Cyber Physical System (CPS), information and communications technology (ICT), Enterprise Architecture (EA), and Enterprise Integration (EI). Despite of the dynamic nature of the research on Industry 4.0, however, a systematic and extensive review of recent research on it is has been unavailable. Accordingly, this paper conducts a comprehensive review on Industry 4.0 and presents an overview of the content, scope, and findings of Industry 4.0 by examining the existing literatures in all of the databases within the Web of Science. Altogether, 88 papers related to Industry 4.0 are grouped into five research categories and reviewed. In addition, this paper outlines the critical issue of the interoperability of Industry 4.0, and proposes a conceptual framework of interoperability regarding Industry 4.0. Challenges and trends for future research on Industry 4.0 are discussed.;"Industry 4.0; Internet of Things (IoT); Cyber Physical System (CPS); information and communications technology (ICT); Enterprise Architecture (EA); Enterprise Integration (EI)";Mature;Buzz;4;0
8;2017;Past, present and future of Industry 4.0-a systematic literature review and research agenda proposal;Over the last few years, the fourth industrial revolution has attracted more and more attentions all around the world. In the current literature, there is still a lack of efforts to systematically review the state of the art of this new industrial revolution wave. The aim of this study is to address this gap by investigating the academic progresses in Industry 4.0. A systematic literature review was carried out to analyse the academic articles within the Industry 4.0 topic that were published online until the end of June 2016. In this paper, the obtained results from both the general data analysis of included papers (e.g. relevant journals, their subject areas and categories, conferences, keywords) and the specific data analysis corresponding to four research sub-questions are illustrated and discussed. These results not only summarise the current research activities (e.g. main research directions, applied standards, employed software and hardware), but also indicate existing deficiencies and potential research directions through proposing a research agenda. Findings of this review can be used as the basis for future research in Industry 4.0 and related topics.;"the fourth Industrial revolution; Industry 4.0; systematic literature review; qualitative research; quantitative research; research agenda; bibliometrics";Mature;Buzz;4;0
9;2020;Literature review of Industry 4.0 and related technologies;Manufacturing industry profoundly impact economic and societal progress. As being a commonly accepted term for research centers and universities, the Industry 4.0 initiative has received a splendid attention of the business and research community. Although the idea is not new and was on the agenda of academic research in many years with different perceptions, the term “Industry 4.0” is just launched and well accepted to some extend not only in academic life but also in the industrial society as well. While academic research focuses on understanding and defining the concept and trying to develop related systems, business models and respective methodologies, industry, on the other hand, focuses its attention on the change of industrial machine suits and intelligent products as well as potential customers on this progress. It is therefore important for the companies to primarily understand the features and content of the Industry 4.0 for potential transformation from machine dominant manufacturing to digital manufacturing. In order to achieve a successful transformation, they should clearly review their positions and respective potentials against basic requirements set forward for Industry 4.0 standard. This will allow them to generate a well-defined road map. There has been several approaches and discussions going on along this line, a several road maps are already proposed. Some of those are reviewed in this paper. However, the literature clearly indicates the lack of respective assessment methodologies. Since the implementation and applications of related theorems and definitions outlined for the 4th industrial revolution is not mature enough for most of the reel life implementations, a systematic approach for making respective assessments and evaluations seems to be urgently required for those who are intending to speed this transformation up. It is now main responsibility of the research community to developed technological infrastructure with physical systems, management models, business models as well as some well-defined Industry 4.0 scenarios in order to make the life for the practitioners easy. It is estimated by the experts that the Industry 4.0 and related progress along this line will have an enormous effect on social life. As outlined in the introduction, some social transformation is also expected. It is assumed that the robots will be more dominant in manufacturing, implanted technologies, cooperating and coordinating machines, self-decision-making systems, autonom problem solvers, learning machines, 3D printing etc. will dominate the production process. Wearable internet, big data analysis, sensor based life, smart city implementations or similar applications will be the main concern of the community. This social transformation will naturally trigger the manufacturing society to improve their manufacturing suits to cope with the customer requirements and sustain competitive advantage. A summary of the potential progress along this line is reviewed in introduction of the paper. It is so obvious that the future manufacturing systems will have a different vision composed of products, intelligence, communications and information network. This will bring about new business models to be dominant in industrial life. Another important issue to take into account is that the time span of this so-called revolution will be so short triggering a continues transformation process to yield some new industrial areas to emerge. This clearly puts a big pressure on manufacturers to learn, understand, design and implement the transformation process. Since the main motivation for finding the best way to follow this transformation, a comprehensive literature review will generate a remarkable support. This paper presents such a review for highlighting the progress and aims to help improve the awareness on the best experiences. It is intended to provide a clear idea for those wishing to generate a road map for digitizing the respective manufacturing suits. By presenting this review it is also intended to provide a hands-on library of Industry 4.0 to both academics as well as industrial practitioners. The top 100 headings, abstracts and key words (i.e. a total of 619 publications of any kind) for each search term were independently analyzed in order to ensure the reliability of the review process. Note that, this exhaustive literature review provides a concrete definition of Industry 4.0 and defines its six design principles such as interoperability, virtualization, local, real-time talent, service orientation and modularity. It seems that these principles have taken the attention of the scientists to carry out more variety of research on the subject and to develop implementable and appropriate scenarios. A comprehensive taxonomy of Industry 4.0 can also be developed through analyzing the results of this review.;"Industry 4.0; Smart factory; Internet of things (IoT); Cyber-physical systems; Cloud systems; Big data";Mature;Mature;4;1
10;2018;Data-driven smart manufacturing;The advances in the internet technology, internet of things, cloud computing, big data, and artificial intelligence have profoundly impacted manufacturing. The volume of data collected in manufacturing is growing. Big data offers a tremendous opportunity in the transformation of today’s manufacturing paradigm to smart manufacturing. Big data empowers companies to adopt data-driven strategies to become more competitive. In this paper, the role of big data in supporting smart manufacturing is discussed. A historical perspective to data lifecycle in manufacturing is overviewed. The big data perspective is supported by a conceptual framework proposed in the paper. Typical application scenarios of the proposed framework are outlined.;"Big data; Smart manufacturing; Manufacturing data; Data lifecycle";Mature;Mature;4;1
11;2019;The impact of digital technology and Industry 4.0 on the ripple effect and supply chain risk analytics;"The impact of digitalisation and Industry 4.0 on the ripple effect and disruption risk control analytics in the supply chain (SC) is studied. The research framework combines the results from two isolated areas, i.e. the impact of digitalisation on SC management (SCM) and the impact of SCM on the ripple effect control. To the best of our knowledge, this is the first study that connects business, information, engineering and analytics perspectives on digitalisation and SC risks. This paper does not pretend to be encyclopedic, but rather analyses recent literature and case-studies seeking to bring the discussion further with the help of a conceptual framework for researching the relationships between digitalisation and SC disruptions risks. In addition, it emerges with an SC risk analytics framework. It analyses perspectives and future transformations that can be expected in transition towards cyber-physical SCs. With these two frameworks, this study contributes to the literature by answering the questions of (1) what relations exist between big data analytics, Industry 4.0, additive manufacturing, advanced trace & tracking systems and SC disruption risks; (2) how digitalisation can contribute to enhancing ripple effect control; and (3) what digital technology-based extensions can trigger the developments towards SC risk analytics.";"Supply chain dynamics; Supply chain risk management; Supply chain resilience; Supply chain design; Supply chain engineering; Industry 4.0; Additive manufacturing; Blockchain; Big data analytics; Ripple effect";Mature;Mature;4;1
12;2017;A review of the roles of Digital Twin in CPS-based production systems;"The Digital Twin (DT) is one of the main concepts associated to the Industry 4.0 wave. This term is more and more used in industry and research initiatives; however, the scientific literature does not provide a unique definition of this concept. The paper aims at analyzing the definitions of the DT concept in scientific literature, retracing it from the initial conceptualization in the aerospace field, to the most recent interpretations in the manufacturing domain and more specifically in Industry 4.0 and smart manufacturing research. DT provides virtual representations of systems along their lifecycle. Optimizations and decisions making would then rely on the same data that are updated in real-time with the physical system, through synchronization enabled by sensors. The paper also proposes the definition of DT for Industry 4.0 manufacturing, elaborated by the European H2020 project MAYA, as a contribution to the research discussion about DT concept.";"Digital Twin; Cyber-Physical Systems; Industry 4.0; Production Systems";Emerging;Emerging;2;1
13;2020;Digital Twin: Enabling Technologies, Challenges and Open Research;"Digital Twin technology is an emerging concept that has become the centre of attention for
industry and, in more recent years, academia. The advancements in industry 4.0 concepts have facilitated
its growth, particularly in the manufacturing industry. The Digital Twin is defined extensively but is best
described as the effortless integration of data between a physical and virtual machine in either direction.
The challenges, applications, and enabling technologies for Artificial Intelligence, Internet of Things (IoT)
and Digital Twins are presented. A review of publications relating to Digital Twins is performed, producing
a categorical review of recent papers. The review has categorised them by research areas: manufacturing,
healthcare and smart cities, discussing a range of papers that reflect these areas and the current state of
research. The paper provides an assessment of the enabling technologies, challenges and open research for
Digital Twins.";"Digital twin; Cyber-physical systems; Industry 4.0; Internet of Things; Big data; Simulation; Smart manufacturing; Prognostics and health management";Emerging;Emerging;2;1
14;2020;Industry 4.0, digitization, and opportunities for sustainability;The fourth industrial revolution and the underlying digital transformation, known as Industry 4.0, is progressing exponentially. The digital revolution is reshaping the way individuals live and work fundamentally, and the public remains optimistic regarding the opportunities Industry 4.0 may offer for sustainability. The present study contributes to the sustainability literature by systematically identifying the sustainability functions of Industry 4.0. In doing so, the study first reviews the fundamental design principles and technology trends of Industry 4.0 and introduces the architectural design of Industry 4.0. The study further draws on the interpretive structural modelling technique to model the contextual relationships among the Industry 4.0 sustainability functions. Results indicate that sophisticated precedence relationships exist among various sustainability functions of Industry 4.0. ‘Matrice d’Impacts Croisés Multiplication Appliquée àun Classement’ (MICMAC) analysis reveals that economic sustainability functions such as production efficiency and business model innovation tend to be the more immediate outcome of Industry 4.0, which pays the way for development of more remote socioenvironmental sustainability functions of Industry 4.0 such as energy sustainability, harmful emission reduction, and social welfare improvement. This study can serve Industry 4.0 stakeholders – leaders in the public and private sectors, industrialists, and academicians – to better understand the opportunities that the digital revolution may offer for sustainability, and work together more closely to ensure that Industry 4.0 delivers the intended sustainability functions around the world as effectively, equally, and fairly as possible.;"Industry 4.0; Digitization; Sustainability; Digital transformation; Sustainability functions; Digital industrial revolution";Mature;Buzz;4;0
15;2018;Digital Twin and Big Data Towards Smart Manufacturing and Industry 4.0: 360 Degree Comparison;With the advances in new-generation information technologies, especially big data and digital twin, smart manufacturing is becoming the focus of global manufacturing transformation and upgrading. Intelligence comes from data. Integrated analysis for the manufacturing big data is beneficial to all aspects of manufacturing. Besides, the digital twin paves a way for the cyber-physical integration of manufacturing, which is an important bottleneck to achieve smart manufacturing. In this paper, the big data and digital twin in manufacturing are reviewed, including their concept as well as their applications in product design, production planning, manufacturing, and predictive maintenance. On this basis, the similarities and differences between big data and digital twin are compared from the general and data perspectives. Since the big data and digital twin can be complementary, how they can be integrated to promote smart manufacturing are discussed.;"Big data; digital twin; smart manufacturing; comprehensive comparison; convergence; Industry 4.0";Emerging;Emerging;2;1
16;2017;Digital Twin Shop-Floor: A New Shop-Floor Paradigm Towards Smart Manufacturing;With the developments and applications of the new information technologies, such as cloud computing, Internet of Things, big data, and artificial intelligence, a smart manufacturing era is coming. At the same time, various national manufacturing development strategies have been put forward, such as Industry 4.0, Industrial Internet, manufacturing based on Cyber-Physical System, and Made in China 2025. However, one of specific challenges to achieve smart manufacturing with these strategies is how to converge the manufacturing physical world and the virtual world, so as to realize a series of smart operations in the manufacturing process, including smart interconnection, smart interaction, smart control and management, etc. In this context, as a basic unit of manufacturing, shop-floor is required to reach the interaction and convergence between physical and virtual spaces, which is not only the imperative demand of smart manufacturing, but also the evolving trend of itself. Accordingly, a novel concept of digital twin shopfloor (DTS) based on digital twin is explored and its four key components are discussed, including physical shop-floor, virtual shop-floor, shop-floor service system, and shop-floor digital twin data. What is more, the operation mechanisms and implementing methods for DTS are studied and key technologies as well as challenges ahead are investigated, respectively.;"Digital twin; smart manufacturing; shop-floor paradigm; cyber-physical system; real-time monitoring; production optimization";Emerging;Emerging;2;1
17;2020;Digital Twin-driven smart manufacturing: Connotation, reference model, applications and research issues;This paper reviews the recent development of Digital Twin technologies in manufacturing systems and processes, to analyze the connotation, application scenarios, and research issues of Digital Twin-driven smart manufacturing in the context of Industry 4.0. To understand Digital Twin and its future potential in manufacturing, we summarized the definition and state-of-the-art development outcomes of Digital Twin. Existing technologies for developing a Digital Twin for smart manufacturing are reviewed under a Digital Twin reference model to systematize the development methodology for Digital Twin. Representative applications are reviewed with a focus on the alignment with the proposed reference model. Outstanding research issues of developing Digital Twins for smart manufacturing are identified at the end of the paper.;"Big Data; Cyber-physical System; Digital Twin; Industry 4.0; Smart manufacturing; Standard; Industrial Communication";Emerging;Mature;2;0
18;2016;Towards smart factory for industry 4.0: a self-organized multi-agent system with big data based feedback and coordination;The proliferation of cyber-physical systems introduces the fourth stage of industrialization, commonly known as Industry 4.0. The vertical integration of various components inside a factory to implement a flexible and reconfigurable manufacturing system, i.e., smart factory, is one of the key features of Industry 4.0. In this paper, we present a smart factory framework that incorporates industrial network, cloud, and supervisory control terminals with smart shop-floor objects such as machines, conveyers, and products. Then, we provide a classification of the smart objects into various types of agents and define a coordinator in the cloud. The autonomous decision and distributed cooperation between agents lead to high flexibility. Moreover, this kind of self-organized system leverages the feedback and coordination by the central coordinator in order to achieve high efficiency. Thus, the smart factory is characterized by a self-organized multi-agent system assisted with big data based feedback and coordination. Based on this model, we propose an intelligent negotiation mechanism for agents to cooperate with each other. Furthermore, the study illustrates that complementary strategies can be designed to prevent deadlocks by improving the agents’ decision making and the coordinator's behavior. The simulation results assess the effectiveness of the proposed negotiation mechanism and deadlock prevention strategies.;"Industry 4.0; Smart factory; Cyber-physical system; Multi-agent system; Deadlock prevention; Big data; Cloud computing; Distributed cooperation; Negotiation; Autonomous decision-making; Embedded systems";Emerging;Emerging;2;1
19;2022;Industry 5.0: A survey on enabling technologies and potential applications;Industry 5.0 is regarded as the next industrial evolution, its objective is to leverage the creativity of human experts in collaboration with efficient, intelligent and accurate machines, in order to obtain resource-efficient and user-preferred manufacturing solutions compared to Industry 4.0. Numerous promising technologies and applications are expected to assist Industry 5.0 in order to increase production and deliver customized products in a spontaneous manner. To provide a very first discussion of Industry 5.0, in this paper, we aim to provide a survey-based tutorial on potential applications and supporting technologies of Industry 5.0. We first introduce several new concepts and definitions of Industry 5.0 from the perspective of different industry practitioners and researchers. We then elaborately discuss the potential applications of Industry 5.0, such as intelligent healthcare, cloud manufacturing, supply chain management and manufacturing production. Subsequently, we discuss about some supporting technologies for Industry 5.0, such as edge computing, digital twins, collaborative robots, Internet of every things, blockchain, and 6G and beyond networks. Finally, we highlight several research challenges and open issues that should be further developed to realize Industry 5.0.;"Industry 5.0; Internet of Things; 6G; Edge computing; Enabling technologies; Pervasive AI";Buzz;Buzz;3;1
20;2016;Smart Manufacturing: Past Research, Present Findings, and Future Directions;Today, the manufacturing industry is aiming to improve competitiveness through the convergence with cutting-edge ICT technologies in order to secure a new growth engine. Smart Manufacturing, which is the fourth revolution in the manufacturing industry and is also considered as a new paradigm, is the collection of cutting-edge technologies that support effective and accurate engineering decision-making in real time through the introduction of various ICT technologies and the convergence with the existing manufacturing technologies. This paper surveyed and analyzed various articles related to Smart Manufacturing, identified the past and present levels, and predicted the future. For these purposes, 1) the major key technologies related to Smart Manufacturing were identified through the analysis of the policies and technology roadmaps of Germany, the U.S., and Korea that have government-driven leading movements for Smart Manufacturing, 2) the related articles on the overall Smart Manufacturing concept, the key system structure, or each key technology were investigated, and, finally, 3) the Smart Manufacturing-related trends were identified and the future was predicted by conducting various analyses on the application areas and technology development levels that have been addressed in each article.;"Big Data; Cyber-Physical System; Industry 4.0; Internet of Things; Smart Factory; Smart Manufacturing";Mature;Mature;4;1
21;2017;Smart manufacturing;Manufacturing has evolved and become more automated, computerised and complex. In this paper, the origin, current status and the future developments in manufacturing are discussed. Smart manufacturing is an emerging form of production integrating manufacturing assets of today and tomorrow with sensors, computing platforms, communication technology, control, simulation, data intensive modelling and predictive engineering. It utilises the concepts of cyber-physical systems spearheaded by the internet of things, cloud computing, service-oriented computing, artificial intelligence and data science. Once implemented, these concepts and technologies would make smart manufacturing the hallmark of the next industrial revolution. The essence of smart manufacturing is captured in six pillars, manufacturing technology and processes, materials, data, predictive engineering, sustainability and resource sharing and networking. Material handling and supply chains have been an integral part of manufacturing. The anticipated developments in material handling and transportation and their integration with manufacturing driven by sustainability, shared services and service quality and are outlined. The future trends in smart manufacturing are captured in ten conjectures ranging from manufacturing digitisation and material-product-process phenomenon to enterprise dichotomy and standardisation.;"Smart manufacturing; Advanced manufacturing; Cyber-physical systems; Data analytics; Manufacturing informatics; Process systems engineering; Automation; Control systems";Emerging;Emerging;2;1
22;2020;A digital supply chain twin for managing the disruption risks and resilience in the era of Industry 4.0;We theorize a notion of a digital supply chain (SC) twin – a computerized model that represents network states for any given moment in real time. We explore the conditions surrounding the design and implementation of the digital twins when managing disruption risks in SCs. The combination of model-based and data-driven approaches allows uncovering the interrelations of risk data, disruption modeling, and performance assessment. The SC shocks and adaptations amid the COVID-19 pandemic along with post-pandemic recoveries provide indisputable evidences for the urgent needs of digital twins for mapping supply networks and ensuring visibility. The results of this study contribute to the research and practice of SC risk management by enhancing predictive and reactive decisions to utilize the advantages of SC visualization, historical disruption data analysis, and real-time disruption data and ensure end-to-end visibility and business continuity in global companies.;"Digital supply chain twin; Supply chain resilience; Disruption risk management; Industry 4.0; Simulation; Digital technologies";Mature;Mature;4;1
23;2016;A maturity model for assessing Industry 4.0 readiness and maturity of manufacturing enterprises;Manufacturing enterprises are currently facing substantial challenges with regard to disruptive concepts such as the Internet of Things, Cyber Physical Systems or Cloud-based Manufacturing – also referred to as Industry 4.0. Subsequently, increasing complexity on all firm levels creates uncertainty about respective organizational and technological capabilities and adequate strategies to develop them. In this paper we propose an empirically grounded novel model and its implementation to assess the Industry 4.0 maturity of industrial enterprises in the domain of discrete manufacturing. Our main goal was to extend the dominating technology focus of recently developed models by including organizational aspects. Overall we defined 9 dimensions and assigned 62 items to them for assessing Industry 4.0 maturity. The dimensions “Products”, “Customers”, “Operations” and “Technology” have been created to assess the basic enablers. Additionally, the dimensions “Strategy”, “Leadership”, Governance, “Culture” and “People” allow for including organizational aspects into the assessment. Afterwards, the model has been transformed into a practical tool and tested in several companies whereby one case is presented in the paper. First validations of the model's structure and content show that the model is transparent and easy to use and proved its applicability in real production environments.;"Industry 4.0; Maturity model; Readiness assessment; Manufacturing enterprises; Digital transformation; Smart manufacturing";Emerging;Emerging;2;1
24;2017;Smart Factory of Industry 4.0: Key Technologies, Application Case, and Challenges;Due to the current structure of digital factory, it is necessary to build the smart factory to upgrade the manufacturing industry. Smart factory adopts the combination of physical technology and cyber technology and deeply integrates previously independent discrete systems making the involved technologies more complex and precise than they are now. In this paper, a hierarchical architecture of the smart factory was proposed first, and then the key technologies were analyzed from the aspects of the physical resource layer, the network layer, and the data application layer. In addition, we discussed the major issues and potential solutions to key emerging technologies, such as Internet of Things (IoT), big data, and cloud computing, which are embedded in the manufacturing process. Finally, a candy packing line was used to verify the key technologies of smart factory, which showed that the overall equipment effectiveness of the equipment is significantly improved.;"Industry 4.0; Smart factory; Cyber-physical system; Internet of Things; Cloud manufacturing; Big data; Intelligent manufacturing";Mature;Mature;4;1
25;2019;A Survey on Digital Twin: Definitions, Characteristics, Applications, and Design Implications;When, in 1956, Artificial Intelligence (AI) was officially declared a research field, no one would have ever predicted the huge influence and impact its description, prediction, and prescription capabilities were going to have on our daily lives. In parallel to continuous advances in AI, the past decade has seen the spread of broadband and ubiquitous connectivity, (embedded) sensors collecting descriptive high dimensional data, and improvements in big data processing techniques and cloud computing. The joint usage of such technologies has led to the creation of digital twins, artificial intelligent virtual replicas of physical systems. Digital Twin (DT) technology is nowadays being developed and commercialized to optimize several manufacturing and aviation processes, while in the healthcare and medicine fields this technology is still at its early development stage. This paper presents the results of a study focused on the analysis of the state-of-the-art definitions of DT, the investigation of the main characteristics that a DT should possess, and the exploration of the domains in which DT applications are currently being developed. The design implications derived from the study are then presented: they focus on socio-technical design aspects and DT lifecycle. Open issues and challenges that require to be addressed in the future are finally discussed.;"Artificial intelligence; digital twin; human-computer interaction; Internet of Things; machine learning; sensor systems";Buzz;Emerging;3;0
26;2019;Digital Twins and Cyber-Physical Systems toward Smart Manufacturing and Industry 4.0: Correlation and Comparison;State-of-the-art technologies such as the Internet of Things (IoT), cloud computing (CC), big data analytics (BDA), and artificial intelligence (AI) have greatly stimulated the development of smart manufacturing. An important prerequisite for smart manufacturing is cyber–physical integration, which is increasingly being embraced by manufacturers. As the preferred means of such integration, cyber–physical systems (CPS) and digital twins (DTs) have gained extensive attention from researchers and practitioners in industry. With feedback loops in which physical processes affect cyber parts and vice versa, CPS and DTs can endow manufacturing systems with greater efficiency, resilience, and intelligence. CPS and DTs share the same essential concepts of an intensive cyber–physical connection, real-time interaction, organization integration, and in-depth collaboration. However, CPS and DTs are not identical from many perspectives, including their origin, development, engineering practices, cyber–physical mapping, and core elements. In order to highlight the differences and correlation between them, this paper reviews and analyzes CPS and DTs from multiple perspectives.;"Cyber-physical system; Digital twin; Smart manufacturing; Industry 4.0; Comparison; Correlation";Mature;Emerging;4;0
27;2018;The future of manufacturing industry: a strategic roadmap toward Industry 4.0;"Purpose– The purpose of this paper is to conduct a state-of-the-art review of the ongoing research on the
Industry 4.0 phenomenon, highlight its key design principles and technology trends, identify its architectural
design and offer a strategic roadmap that can serve manufacturers as a simple guide for the process of
Industry 4.0 transition.
Design/methodology/approach– The study performs a systematic and content-centric review of
literature based on a six-stage approach to identify key design principles and technology trends of Industry
4.0. The study further benefits from a comprehensive content analysis of the 178 documents identified, both
manually and via IBM Watson’s natural language processing for advanced text analysis.
Findings– Industry 4.0 is an integrative system of value creation that is comprised of 12 design principles
and 14 technology trends. Industry 4.0 is no longer a hype and manufacturers need to get on board sooner
rather than later.
Research limitations/implications– The strategic roadmap presented in this study can serve
academicians and practitioners as a stepping stone for development of a detailed strategic roadmap for
successful transition from traditional manufacturing into the Industry 4.0. However, there is no one-size-fits
all strategy that suits all businesses or industries, meaning that the Industry 4.0 roadmap for each company is
idiosyncratic, and should be devised based on company’s core competencies, motivations, capabilities, intent,
goals, priorities and budgets.
Practical implications– The first step for transitioning into the Industry 4.0 is the development of a
comprehensive strategic roadmap that carefully identifies and plans every single step a manufacturing
company needs to take, as well as the timeline, and the costs and benefits associated with each step. The
strategic roadmap presented in this study can offer as a holistic view of common steps that manufacturers
need to undertake in their transition toward the Industry 4.0.
Originality/value– The study is among the first to identify, cluster and describe design principles and
technology trends that are building blocks of the Industry 4.0. The strategic roadmap for Industry 4.0
transition presented in this study is expected to assist contemporary manufacturers to understand what
implementing the Industry 4.0 really requires of them and what challenges they might face during the
transition process.";"Information technology; Cybernetics; Strategic planning; Industry 4.0; Industrial robots";Emerging;Emerging;2;1
28;2017;Internet of things and supply chain management: a literature review;This paper explores the role of Internet of Things (IoT) and its impact on supply chain management (SCM) through an extensive literature review. Important aspects of IoT in SCM are covered including IoT definition, main IoT technology enablers and various SCM processes and applications. We offer several categorisation of the extant literature, such as based on methodology, industry sector and focus on a classification based on major supply chain processes. In addition, a bibliometric analysis of the literature is also presented. We find that most studies have focused on conceptualising the impact of IoT with limited analytical models and empirical studies. In addition, most studies have focused on the delivery supply chain process and the food and manufacturing supply chains. Areas of future SCM research that can support IoT implementation are also identified.;"Internet of Things (IoT); supply chain management; industry 4.0; supply chain processes; smart supply chain";Mature;Buzz;4;0
29;2018;Sustainable Industry 4.0 framework: A systematic literature review identifying the current trends and future perspectives;Industry 4.0 and its other synonyms like Smart Manufacturing, Smart Production or Internet of Things, have been identified as major contributors in the context of digital and automated manufacturing environment. The term industry 4.0 comprises a variety of technologies to enable the development of the value chain resulting in reduced manufacturing lead times, and improved product quality and organizational performance. Industry 4.0 has attracted much attention in the recent literature, however there are very few systematic and extensive review of research that captures the dynamic nature of this topic. The rapidly growing interest from both academics and practitioners in Industry 4.0 has urged the need for review of up-to-date research and development to develop a new agenda. Selected 85 papers were classified in five research categories namely conceptual papers on Industry 4.0, human-machine interactions, machine-equipment interactions, technologies of Industry 4.0 and sustainability. The review primarily attempted to seek answers to the following two questions: (1) What are different research approaches used to study Industry 4.0? and (2) What is the current status of research in the domains of Industry 4.0?. We propose a sustainable Industry 4.0 framework based on the findings of the review with three critical components viz., Industry 4.0 technologies, process integration and sustainable outcomes. Finally, the scope of future research is discussed in detail.;"Industry 4.0; Sustainability; Smart manufacturing; Big data; Internet of Things; Process safety; Sustainable development; Systematic review";Emerging;Emerging;2;1
30;2020;Industry 4.0 technologies assessment: A sustainability perspective;"The fourth industrial revolution, also labelled Industry 4.0, was beget with emergent and disruptive intelligence and information technologies. These new technologies are enabling ever-higher levels of production efficiencies. They also have the potential to dramatically influence social and environmental sustainable development. Organizations need to consider Industry 4.0 technologies contribution to sustainability. Sufficient guidance, in this respect, is lacking in the scholarly or practitioner literature. In this study, we further examine Industry 4.0 technologies in terms of application and sustainability implications. We introduce a measures framework for sustainability based on the United Nations Sustainable Development Goals; incorporating various economic, environmental and social attributes. We also develop a hybrid multi-situation decision method integrating hesitant fuzzy set, cumulative prospect theory and VIKOR. This method can effectively evaluate Industry 4.0 technologies based on their sustainable performance and application. We apply the method using secondary case information from a report of the World Economic Forum. The results show that mobile technology has the greatest impact on sustainability in all industries, and nanotechnology, mobile technology, simulation and drones have the highest impact on sustainability in the automotive, electronics, food and beverage, and textile, apparel and footwear industries, respectively. Our recommendation is to take advantage of Industry 4.0 technology adoption to improve sustainability impact but each technology needs to be carefully evaluated as specific technology will variably influence industry and sustainability dimensions. Investment in such technologies should consider appropriate priority investment and championing.";"Industry 4.0 Technology; Sustainability; Hesitant fuzzy set; Cumulative prospect theory; VIKOR";Mature;Mature;4;1
31;2017;The Digital Twin: Realizing the Cyber-Physical Production System for Industry 4.0;Concerning current approaches to planning of manufacturing processes, the acquisition of a sufficient data basis of the relevant process information and subsequent development of feasible layout options requires 74% of the overall time-consumption. However, the application of fully automated techniques within planning processes is not yet common practice. Deficits are to be observed in the course of the use of a fully automated data acquisition of the underlying process data, a key element of Industry 4.0, as well as the evaluation and quantification and analysis of the gathered data. As the majority of the planning operations are conducted manually, the lack of any theoretical evaluation renders a benchmarking of the results difficult. Current planning processes analyze the manually achieved results with the aid of simulation. Evaluation and quantification of the planning procedure are limited by complexity that defies manual controllability. Research is therefore required with regard to automated data acquisition and selection, as the near real-time evaluation and analysis of a highly complex production systems relies on a real-time generated database. The paper presents practically feasible approaches to a multi-modal data acquisition approach, its requirements and limitations. The further concept of the Digital Twin for a production process enables a coupling of the production system with its digital equivalent as a base for an optimization with a minimized delay between the time of data acquisition and the creation of the Digital Twin. Therefore a digital data acquisition approach is necessary. As a consequence a cyber-physical production system can be generated, that opens up powerful applications. To ensure a maximum concordance of the cyber-physical process with its real-life model a multimodal data acquisition and evaluation has to be conducted. The paper therefore presents a concept for the composition of a database and proposes guidelines for the implementation of the Digital Twin in production systems in small and medium-sized enterprises.;"cyber-physical production systems; multimodal data acquisition; digital twin; production system optimization; Industry 4.0";Emerging;Buzz;2;0
32;2017;The industrial management of SMEs in the era of Industry 4.0;"Industry 4.0 provides new paradigms for the industrial management of SMEs. Supported by a growing number of new technologies, this concept appears more flexible and less expensive than traditional enterprise information systems such as ERP and MES. However, SMEs find themselves ill-equipped to face these new possibilities regarding their production planning and control functions. This paper presents a literature review of existing applied research covering different Industry 4.0 issues with regard to SMEs. Papers are classified according to a new framework which allows identification of the targeted performance objectives, the required managerial capacities and the selected group of technologies for each selected case. Our results show that SMEs do not exploit all the resources for implementing Industry 4.0 and often limit themselves to the adoption of Cloud Computing and the Internet of Things. Likewise, SMEs seem to have adopted Industry 4.0 concepts only for monitoring industrial processes and there is still absence of real applications in the field of production planning. Finally, our literature review shows that reported Industry 4.0 projects in SMEs remained cost-driven initiatives and there in still no evidence of real business model transformation at this time.
";"production control; Industry 4.0; smart manufacturing; operational improvement; SME; SMB";Emerging;Mature;2;0
33;2018;Smart manufacturing systems for Industry 4.0: Conceptual framework, scenarios, and future perspectives;Information and communication technology is undergoing rapid development, and many disruptive technologies, such as cloud computing, Internet of Things, big data, and artificial intelligence, have emerged. These technologies are permeating the manufacturing industry and enable the fusion of physical and virtual worlds through cyber-physical systems (CPS), which mark the advent of the fourth stage of industrial production (i.e., Industry 4.0). The widespread application of CPS in manufacturing environments renders manufacturing systems increasingly smart. To advance research on the implementation of Industry 4.0, this study examines smart manufacturing systems for Industry 4.0. First, a conceptual framework of smart manufacturing systems for Industry 4.0 is presented. Second, demonstrative scenarios that pertain to smart design, smart machining, smart control, smart monitoring, and smart scheduling, are presented. Key technologies and their possible applications to Industry 4.0 smart manufacturing systems are reviewed based on these demonstrative scenarios. Finally, challenges and future perspectives are identified and discussed.;"Smart manufacturing systems; Industry 4.0; Cyber-physical systems; Internet of Things; Cloud computing; Big data";Buzz;Buzz;3;1
34;2018;A critical review of smart manufacturing & Industry 4.0 maturity models: Implications for small and medium-sized enterprises (SMEs);"The objective of this paper is to critically review currently available Smart Manufacturing (SM) and Industry 4.0 maturity models, and analyze their fit recognizing the specific requirements of Small and Medium-sized Enterprises (SMEs). To this end, this paper presents features that are characteristic for SMEs and identify research gaps needed to be addressed to successfully support manufacturing SMEs in their progress towards Industry 4.0. The results of this study show that only a limited number of the SM and Industry 4.0 roadmaps, maturity models, frameworks and readiness assessments that are available today reflect the specific requirements and challenges of SMEs. The main findings include: (1) the current standard starting “level 1? (base level) of most maturity models appears to be disconnected from the real digitization and smart manufacturing maturity level of many SMEs. Therefore, we propose a “level 0? specifically designed to reflect the ‘real - base level’ for SMEs; (2) the transition from this new base level, “level 0?, to the current standard “level 1”, requires significant effort including a mind-set change; (3) maturity models and readiness assessments can be associated with an SM toolkit, and (4) SMEs need to develop their own, unique SM or Industry 4.0 vision and roadmap. This study provides insights that help towards developing a realistic SM (Industry 4.0) maturity model for SMEs that reflects their industrial realities more accurately. With the help of SM maturity models that are more customized to the SME specific requirements, the SMEs’ stakeholders will be able to better define their SM (Industry 4.0) vision, roadmap, and strategic projects. It will ultimately lower the entry barrier and reduce the risk of the transition process towards SM and Industry 4.0 and support the critical change in culture. Summarizing, we identified manufacturing SMEs’ specific requirements, conducted a literature review of current SM maturity models, and discussed how these maturity models reflect the SME specific requirements.";"Industry 4.0; Smart manufacturing; Maturity models; Small and medium-sized enterprises (SMEs); Digital transformation; Readiness assessment";Emerging;Emerging;2;1
35;2019;Scanning the Industry 4.0: A Literature Review on Technologies for Manufacturing Systems;"Industry 4.0 leads to the digitalization era. Everything is digital; business models, environments, production systems, machines, operators, products and services. It’s all interconnected inside the digital scene with the corresponding virtual representation. The physical flows will be mapped on digital platforms in a continuous manner. On a higher level of automation, many systems and software are enabling factory communications with the latest trends of information and communication technologies leading to the state-of-the-art factory, not only inside but also outside factory, achieving all elements of the value chain on a real-time engagement. Everything is smart. This disruptive impact on manufacturing companies will allow the smart manufacturing ecosystem paradigm. Industry 4.0 is the turning point to the end of the conventional centralized applications. The Industry 4.0 environment is scanned on this paper, describing the so-called enabling technologies and systems over the manufacturing environment.";"Industry 4.0; Smart manufacturing; Cyber-physical systems; Internet of Things; Big data; Cloud computing";Buzz;Buzz;3;1
36;2016;Software-Defined Industrial Internet of Things in the Context of Industry 4.0;In recent years, there have been great advances in industrial Internet of Things (IIoT) and its related domains, such as industrial wireless networks (IWNs), big data, and cloud computing. These emerging technologies will bring great opportunities for promoting industrial upgrades and even allow the introduction of the fourth industrial revolution, namely, Industry 4.0. In the context of Industry 4.0, all kinds of intelligent equipment (e.g., industrial robots) supported by wired or wireless networks are widely adopted, and both real-time and delayed signals coexist. Therefore, based on the advancement of software-defined networks technology, we propose a new concept for industrial environments by introducing software-defined IIoT in order to make the network more flexible. In this paper, we analyze the IIoT architecture, including physical layer, IWNs, industrial cloud, and smart terminals, and describe the information interaction among different devices. Then, we propose a software-defined IIoT architecture to manage physical devices and provide an interface for information exchange. Subsequently, we discuss the prominent problems and possible solutions for software-defined IIoT. Finally, we select an intelligent manufacturing environment as an assessment test bed, and implement the basic experimental analysis. This paper will open a new research direction of IIoT and accelerate the implementation of Industry 4.0.;Cloud computing, industries, sensors, physical layer, information exchange, wireless networks, and manufacturing together enable connected, data-driven smart manufacturing systems.;Emerging;Emerging;2;1
37;2020;The impact of digital technologies on economic and environmental performance in the context of industry 4.0: A moderated mediation model;In recent years, there have been great advances in industrial Internet of Things (IIoT) and its related domains, such as industrial wireless networks (IWNs), big data, and cloud computing. These emerging technologies will bring great opportunities for promoting industrial upgrades and even allow the introduction of the fourth industrial revolution, namely, Industry 4.0. In the context of Industry 4.0, all kinds of intelligent equipment (e.g., industrial robots) supported by wired or wireless networks are widely adopted, and both real-time and delayed signals coexist. Therefore, based on the advancement of software-defined networks technology, we propose a new concept for industrial environments by introducing software-defined IIoT in order to make the network more flexible. In this paper, we analyze the IIoT architecture, including physical layer, IWNs, industrial cloud, and smart terminals, and describe the information interaction among different devices. Then, we propose a software-defined IIoT architecture to manage physical devices and provide an interface for information exchange. Subsequently, we discuss the prominent problems and possible solutions for software-defined IIoT. Finally, we select an intelligent manufacturing environment as an assessment test bed, and implement the basic experimental analysis. This paper will open a new research direction of IIoT and accelerate the implementation of Industry 4.0.;"Industry 4.0; Digital technologies; Economic performance; Environmental performance; Green innovation; Dynamic capabilities; Moderated mediation model";Buzz;Mature;3;0
38;2019;A review of Internet of Things (IoT) embedded sustainable supply chain for industry 4.0 requirements;Supply Chain organizations in the present global environment operate in market that is increasingly complex and dynamic in nature. Sustainable supply chain becomes inevitable to meet the aggressive change in the customer requirements. Based on the reviews, it is revealed that manufacturing companies need to speed up in shifting the focus towards sustainability and make use of technology like ‘Internet of Things’ (IoT) to meet the organization’s goal. The objective of this research paper is to review the various aspects of SCM, ERP, IoT and Industry 4.0 and explore the potential opportunities available in IoT embedded sustainable supply chain for Industry 4.0 transformation. In this review, a comprehensive study on various factors, that affects the sustainable supply chain were analyzed and the results recorded. Based on the review, a framework for assessing the readiness of supply chain organization from various perspectives has been proposed to meet the requirements of the fourth Industrial Revolution. The conceptual framework model has been formulated from five important perspectives of supply chain management namely Business, Technology, Sustainable Development, Collaboration and Management Strategy. This study furnishes the criteria that can be assessed by companies to realize the readiness for industry 4.0 transformation.;"Internet of Things (IoT); Sustainable supply chain; Industry 4.0; Supply chain management; Sustainability; Digital technologies";Emerging;Emerging;2;1
39;2020;Predictive maintenance in the Industry 4.0: A systematic literature review;Industry 4.0 is collaborating directly for the technological revolution. Both machines and managers are daily confronted with decision making involving a massive input of data and customization in the manufacturing process. The ability to predict the need for maintenance of assets at a specific future moment is one of the main challenges in this scope. The possibility of performing predictive maintenance contributes to enhancing machine downtime, costs, control, and quality of production. We observed that surveys and tutorials about Industry 4.0 focus mainly on addressing data analytics and machine learning methods to change production procedures, so not comprising predictive maintenance methods and their organization. In this context, this article presents a systematic literature review of initiatives of predictive maintenance in Industry 4.0, identifying and cataloging methods, standards, and applications. As the main contributions, this survey discusses the current challenges and limitations in predictive maintenance, in addition to proposing a novel taxonomy to classify this research area considering the needs of the Industry 4.0. We concluded that computer science, including artificial intelligence and distributed computing fields, is more and more present in an area where engineering was the dominant expertise, so detaching the importance of a multidisciplinary approach to address Industry 4.0 effectively.;"Predictive maintenance; Industry 4.0; Condition monitoring; Machine learning; Maintenance 4.0; Systematic literature review";Buzz;Mature;3;0
40;2019;Blockchain applications in supply chains, transport and logistics: a systematic review of the literature;This paper presents current academic and industrial frontiers on blockchain application in supply chain, logistics and transport management. We conduct a systematic review of the literature and find four main clusters in the co-citation analysis, namely Technology, Trust, Trade, and Traceability/Transparency. For each cluster, and based on the pool of articles included in it, we apply an inductive method of reasoning and discuss the emerging themes and applications of blockchains for supply chains, logistics and transport. We conclude by discussing the main themes for future research on blockchain technology and its application in industry and services.;"Blockchain; Supply chain management; Logistics; Transportation; Smart contracts; Distributed ledger technology";Buzz;Buzz;3;1
41;2017;A Comparative Study on Machine Learning Algorithms for Smart Manufacturing: Tool Wear Prediction Using Random Forests;Manufacturers have faced an increasing need for the development of predictive models that predict mechanical failures and the remaining useful life (RUL) of manufacturing systems or components. Classical model-based or physics-based prognostics often require an in-depth physical understanding of the system of interest to develop closed-form mathematical models. However, prior knowledge of system behavior is not always available, especially for complex manufacturing systems and processes. To complement model-based prognostics, data-driven methods have been increasingly applied to machinery prognostics and maintenance management, transforming legacy manufacturing systems into smart manufacturing systems with artificial intelligence. While previous research has demonstrated the effectiveness of data-driven methods, most of these prognostic methods are based on classical machine learning techniques, such as artificial neural networks (ANNs) and support vector regression (SVR). With the rapid advancement in artificial intelligence, various machine learning algorithms have been developed and widely applied in many engineering fields. The objective of this research is to introduce a random forests (RFs)-based prognostic method for tool wear prediction as well as compare the performance of RFs with feed-forward back propagation (FFBP) ANNs and SVR. Specifically, the performance of FFBP ANNs, SVR, and RFs are compared using an experimental data collected from 315 milling tests. Experimental results have shown that RFs can generate more accurate predictions than FFBP ANNs with a single hidden layer and SVR.;"Computer-integrated manufacturing; sensing; monitoring; diagnostics";Emerging;Emerging;2;1
42;2020;IoT: Internet of Threats? A Survey of Practical Security Vulnerabilities in Real IoT Devices;The Internet of Things (IoT) is rapidly spreading, reaching a multitude of different domains, including personal health care, environmental monitoring, home automation, smart mobility, and Industry 4.0. As a consequence, more and more IoT devices are being deployed in a variety of public and private environments, progressively becoming common objects of everyday life. It is hence apparent that, in such a scenario, cybersecurity becomes critical to avoid threats like leakage of sensible information, denial of service (DoS) attacks, unauthorized network access, and so on. Unfortunately, many low-end IoT commercial products do not usually support strong security mechanisms, and can hence be target of-or even means for-a number of security attacks. The aim of this article is to provide a broad overview of the security risks in the IoT sector and to discuss some possible counteractions. To this end, after a general introduction to security in the IoT domain, we discuss the specific security mechanisms adopted by the most popular IoT communication protocols. Then, we report and analyze some of the attacks against real IoT devices reported in the literature, in order to point out the current security weaknesses of commercial IoT solutions and remark the importance of considering security as an integral part in the design of IoT systems. We conclude this article with a reasoned comparison of the considered IoT technologies with respect to a set of qualifying security attributes, namely integrity, anonymity, confidentiality, privacy, access control, authentication, authorization, resilience, self organization.;"Internet of Things; computer security; protocols; privacy; standards";Weak;Buzz;1;0
43;2018;Digital twin-based smart production management and control framework for the complex product assembly shop-floor;Digital twin technology is considered as a key technology to realize cyber-physical systems (CPS). However, due to the complexity of building a digital equivalent in virtual space to its physical counterpart, very little progress has been achieved in digital twin application, especially in the complex product assembly shop-floor. In this paper, we propose a framework of digital twin-based smart production management and control approach for complex product assembly shop-floors. Four core techniques embodied in the framework are illustrated in detail as follows: (1) real-time acquisition, organization, and management of the physical assembly shop-floor data, (2) construction of the assembly shop-floor digital twin, (3) digital twin and big data-driven prediction of the assembly shop-floor, and (4) digital twin-based assembly shop-floor production management and control service. To elaborate how to apply the proposed approach to reality, we present detailed implementation process of the proposed digital twin-based smart production management and control approach in a satellite assembly shop-floor scenario. Meanwhile, the future work to completely fulfill digital twin-based smart production management and control concept for complex product assembly shop-floors are discussed.;"Digital twin; Smart production; Production management and control; Complex product assembly; Shop-floor";Emerging;Mature;2;0
44;2021;A Survey on Data Collection for Machine Learning: A Big Data-AI Integration Perspective;Data collection is a major bottleneck in machine learning and an active research topic in multiple communities. There are largely two reasons data collection has recently become a critical issue. First, as machine learning is becoming more widely-used, we are seeing new applications that do not necessarily have enough labeled data. Second, unlike traditional machine learning, deep learning techniques automatically generate features, which saves feature engineering costs, but in return may require larger amounts of labeled data. Interestingly, recent research in data collection comes not only from the machine learning, natural language, and computer vision communities, but also from the data management community due to the importance of handling large amounts of data. In this survey, we perform a comprehensive study of data collection from a data management point of view. Data collection largely consists of data acquisition, data labeling, and improvement of existing data or models. We provide a research landscape of these operations, provide guidelines on which technique to use when, and identify interesting research challenges. The integration of machine learning and data management for data collection is part of a larger trend of Big data and Artificial Intelligence (AI) integration and opens many opportunities for new research.;"Machine learning; data collection; labeling; data models; data acquisition; training data; smart manufacturing";Emerging;Emerging;2;1
45;2020;Industry 4.0 and Health: Internet of Things, Big Data, and Cloud Computing for Healthcare 4.0;"Industry 4.0 and its main enabling information and communication technologies are completely changing both services and production worlds. This is especially true for the health domain, where the Internet of Things, Cloud and Fog Computing, and Big Data technologies are revolutionizing eHealth and its whole ecosystem, moving it towards Healthcare 4.0. By selectively analyzing the literature, we systematically survey how the adoption of the above-mentioned Industry 4.0 technologies (and their integration) applied to the health domain is changing the way to provide traditional services and products. In this paper, we provide (i) a description of the main technologies and paradigms in relation to Healthcare 4.0 and discuss (ii) their main application scenarios; we then provide an analysis of (iii) carried benefits and (iv) novel cross-disciplinary challenges; finally, we extract (v) the lessons learned.";"Industry 4.0; Healthcare 4.0; Internet of Things; Big Data; Cloud computing; Smart healthcare";Emerging;Emerging;2;1
46;2018;Deploying Fog Computing in Industrial Internet of Things and Industry 4.0;Rapid technological advances have revolutionized the industrial sector. These advances range from automation of industrial processes to autonomous industrial processes, where a human input is not required. Internet of Things (IoT), which has emerged a few years ago, has been embraced by industry, resulting in what is known as the Industrial Internet of Things (IIoT). IIoT refers to making industrial processes and entities part of the Internet. Restricting the definition of IIoT to manufacturing yields another subset of IoT, known as Industry 4.0. IIoT and Industry 4.0, will consist of sensor networks, actuators, robots, machines, appliances, business processes, and personnel. Hence, a lot of data of diverse nature would be generated. The industrial process requires most of the tasks to be performed locally because of delay and security requirements and structured data to be communicated over the Internet to web services and the cloud. To achieve this task, middleware support is required between the industrial environment and the cloud/web services. In this context, fog is a potential middleware that can be very useful for different industrial scenarios. Fog can provide local processing support with acceptable latency to actuators and robots in a manufacturing industry. Additionally, as industrial big data are often unstructured, it can be trimmed and refined by the fog locally, before sending it to the cloud. We present an architectural overview of IIoT and Industry 4.0. We discuss how fog can provide local computing support in the IIoT environment and the core elements and building blocks of IIoT. We also present a few interesting prospective use cases of IIoT. Finally, we discuss some emerging research challenges related to IIoT.;"Robot sensing systems; industries; Internet of Things; task analysis; actuators; middleware";Emerging;Emerging;2;1
47;2020;Blockchain for the future of sustainable supply chain management in Industry 4.0;"The objective of this study is to provide an overview of Blockchain technology and Industry 4.0 for advancing supply chains towards sustainability. First, extracted from the existing literature, we evaluate the capabilities of Industry 4.0 for sustainability under three main topics of (1) Internet of things (IoT)-enabled energy management in smart factories; (2) smart logistics and transportation; and (3) smart business models. We expand beyond Industry 4.0 with unfolding the capabilities that Blockchain offers for increasing sustainability, under four main areas: (1) design of incentive mechanisms and tokenization to promote consumer green behavior; (2) enhance visibility across the entire product lifecycle; (3) increase systems efficiency while decreasing development and operational costs; and (4) foster sustainability monitoring and reporting performance across supply chain networks. Furthermore, Blockchain technology capabilities for contributing to social and environmental sustainability, research gaps, adversary effects of Blockchain, and future research directions are discussed.";"Blockchain; Sustainable supply chain management; Industry 4.0; Transparency; Traceability; Digitalization";Buzz;Emerging;3;0
48;2019;Towards Secure Industrial IoT: Blockchain System With Credit-Based Consensus Mechanism;Industrial Internet of Things (IIoT) plays an indispensable role for Industry 4.0, where people are committed to implement a general, scalable, and secure IIoT system to be adopted across various industries. However, existing IIoT systems are vulnerable to single point of failure and malicious attacks, which cannot provide stable services. Due to the resilience and security promise of blockchain, the idea of combining blockchain and Internet of Things (IoT) gains considerable interest. However, blockchains are power-intensive and low-throughput, which are not suitable for power-constrained IoT devices. To tackle these challenges, we present a blockchain system with credit-based consensus mechanism for IIoT. We propose a credit-based proof-of-work (PoW) mechanism for IoT devices, which can guarantee system security and transaction efficiency simultaneously. In order to protect sensitive data confidentiality, we design a data authority management method to regulate the access to sensor data. In addition, our system is built based on directed acyclic graph -structured blockchains, which is more efficient than the Satoshi-style blockchain in performance. We implement the system on Raspberry Pi, and conduct a case study for the smart factory. Extensive evaluation and analysis results demonstrate that credit-based PoW mechanism and data access control are secure and efficient in IIoT.;"Blockchain; smart manufacturing; logic gates; industries; throughput; access control";Emerging;Mature;2;0
49;2020;Privacy-Preserved Data Sharing Towards Multiple Parties in Industrial IoTs;The effective physical data sharing has been facilitating the functionality of Industrial IoTs, which is believed to be one primary basis for Industry 4.0. These physical data, while providing pivotal information for multiple components of a production system, also bring in severe privacy issues for both workers and manufacturers, thus aggravating the challenges for data sharing. Current designs tend to simplify the behaviors of participants for better theoretical analysis, and they cannot properly handle the challenges in IIoTs where the behaviors are more complicated and correlated. Therefore, this paper proposes a privacy-preserved data sharing framework for IIoTs, where multiple competing data consumers exist in different stages of the system. The framework allows data contributors to share their contents upon requests. The uploaded contents will be perturbed to preserve the sensitive status of contributors. The differential privacy is adopted in the perturbation to guarantee the privacy preservation. Then the data collector will process and relay contents with subsequent data consumers. This data collector will gain both its own data utility and extra profits in data relay. Two algorithms are proposed for data sharing in different scenarios, based on whether the service provider will further process the contents to retain its exclusive utility. This work also provides for both algorithms a comprehensive consideration on privacy, data utility, bandwidth efficiency, payment, and rationality for data sharing. Finally, the evaluation on real-world datasets demonstrates the effectiveness of proposed methods, together with clues for data sharing towards Industry 4.0.;"Privacy; industries; production; differential privacy; relays";Weak;Weak;1;1
50;2017;A review of industrial wireless networks in the context of Industry 4.0;There have been many recent advances in wireless communication technologies, particularly in the area of wireless sensor networks, which have undergone rapid development and been successfully applied in the consumer electronics market. Therefore, wireless networks (WNs) have been attracting more attention from academic communities and other domains. From an industrial perspective, WNs present many advantages including flexibility, low cost, easy deployment and so on. Therefore, WNs can play a vital role in the Industry 4.0 framework, and can be used for smart factories and intelligent manufacturing systems. In this paper, we present an overview of industrial WNs (IWNs), discuss IWN features and related techniques, and then provide a new architecture based on quality of service and quality of data for IWNs. We also propose some applications for IWNs and IWN standards. Then, we will use a case from our previous achievements to explain how to design an IWN under Industry 4.0. Finally, we highlight some of the design challenges and open issues that still need to be addressed to make IWNs truly ubiquitous for a wide range of applications.;"Industrial wireless networks; Industry 4.0; quality of service; quality of data; wireless sensor networks; industrial applications";Emerging;Buzz;2;0
51;2017;The evolution of production systems from Industry 2.0 through Industry 4.0;This paper discusses production systems with a focus on the relationships between product supply and customer demand in the context of Industry 2.0–4.0. One driver of production evolution is changes in customer demand over time, which is categorised into several dimensions. Major production systems – flow line, Toyota production system (TPS), job shop, cell, flexible manufacturing system and seru – have been developed and applied to supplies to match different demand dimensions over time. For each production system, two questions are addressed: what and how. Comparisons between seru with TPS and cell are given. The possibilities of a future smart factory equipped with internet of things are discussed. The demand dimensions of Industry 4.0, the product architecture change in the automobile industry and the impact of 3D printing are elaborated. Potential applications of lean and seru principles for Industry 4.0 are presented.;"Seru; flow line; TPS; FMS; IoT";Mature;Buzz;4;0
52;2019;A state-of-the-art survey of Digital Twin: techniques, engineering product lifecycle management and business innovation perspectives;With the rapid advancement of cyber-physical systems, Digital Twin (DT) is gaining ever-increasing attention owing to its great capabilities to realize Industry 4.0. Enterprises from different fields are taking advantage of its ability to simulate real-time working conditions and perform intelligent decision-making, where a cost-effective solution can be readily delivered to meet individual stakeholder demands. As a hot topic, many approaches have been designed and implemented to date. However, most approaches today lack a comprehensive review to examine DT benefits by considering both engineering product lifecycle management and business innovation as a whole. To fill this gap, this work conducts a state-of-the art survey of DT by selecting 123 representative items together with 22 supplementary works to address those two perspectives, while considering technical aspects as a fundamental. The systematic review further identifies eight future perspectives for DT, including modular DT, modeling consistency and accuracy, incorporation of Big Data analytics in DT models, DT simulation improvements, VR integration into DT, expansion of DT domains, efficient mapping of cyber-physical data and cloud/edge computing integration. This work sets out to be a guide to the status of DT development and application in today’s academic and industrial environment.;"Digital Twin; cyber-physical system; business model; product lifecycle management; review";Mature;Mature;4;1
53;2020;From Industry 4.0 to Agriculture 4.0: Current Status, Enabling Technologies, and Research Challenges;The three previous industrial revolutions profoundly transformed agriculture industry from indigenous farming to mechanized farming and recent precision agriculture. Industrial farming paradigm greatly improves productivity, but a number of challenges have gradually emerged, which have exacerbated in recent years. Industry 4.0 is expected to reshape the agriculture industry once again and promote the fourth agricultural revolution. In this article, first, we review the current status of industrial agriculture along with lessons learned from industrialized agricultural production patterns, industrialized agricultural production processes, and the industrialized agri-food supply chain. Furthermore, five emerging technologies, namely the Internet of Things, robotics, artificial intelligence, big data analytics, and blockchain, toward Agriculture 4.0 are discussed. Specifically, we focus on the key applications of these emerging technologies in the agricultural sector and corresponding research challenges. This article aims to open up new research opportunities for readers, particularly industrial practitioners.;"Agriculture; animals; supply chains; productivity; soil";Buzz;Emerging;3;0
54;2017;Working Together: A Review on Safe Human-Robot Collaboration in Industrial Environments;After many years of rigid conventional procedures of production, industrial manufacturing is going through a process of change toward flexible and intelligent manufacturing, the so-called Industry 4.0. In this paper, human-robot collaboration has an important role in smart factories since it contributes to the achievement of higher productivity and greater efficiency. However, this evolution means breaking with the established safety procedures as the separation of workspaces between robot and human is removed. These changes are reflected in safety standards related to industrial robotics since the last decade, and have led to the development of a wide field of research focusing on the prevention of human-robot impacts and/or the minimization of related risks or their consequences. This paper presents a review of the main safety systems that have been proposed and applied in industrial robotic environments that contribute to the achievement of safe collaborative human-robot work. Additionally, a review is provided of the current regulations along with new concepts that have been introduced in them. The discussion presented in this paper includes multidisciplinary approaches, such as techniques for estimation and the evaluation of injuries in human-robot collisions, mechanical and software devices designed to minimize the consequences of human-robot impact, impact detection systems, and strategies to prevent collisions or minimize their consequences when they occur.;"Service robots; safety; robot sensing systems; collaboration; standards; collision avoidance";Buzz;Buzz;3;1
55;2019;Assessing relations between Circular Economy and Industry 4.0: a systematic literature review;Industry 4.0 (I4.0) and Circular Economy (CE) are undoubtedly two of the most debated topics of the last decades. Progressively, they gained the interest of policymakers, practitioners and scholars all over the world. Even if they have been usually described as two independent research fields, there are some examples presenting overlaps between these topics, represented by hybrid categories like Circular I4.0 and Digital CE. Starting from these two perspectives, an innovative framework both highlighting the links between I4.0 and CE and unveiling future research fields has been developed. Basing on one of the two perspectives, results show as it is possible to enhance a set of different relations. Depending on a dedicated area of either CE or I4.0 it is possible to see the prevalence of some I4.0 technology than others. However, the influence of I4.0 technologies on CE is always verified.;"Circular economy; Circular Industry 4.0; digital circular economy; Industry 4.0; systematic literature review";Buzz;Buzz;3;1
56;2020;The applications of Industry 4.0 technologies in manufacturing context: a systematic literature review;Industry 4.0 (I4.0) encompasses a plethora of digital technologies effecting on manufacturing enterprises. Most research on this topic examines the effects in the smart factory domain, focusing on production scheduling. However, there is still a lack of comprehensive research on the applications of I4.0 enabling technologies in manufacturing life-cycle processes. This paper is thus intended to provide a systematic literature review answering the following research question: What are the applications of I4.0 enabling technologies in the business processes of manufacturing companies? The study analyses 186 articles and the results show that production scheduling and control is the process most often investigated, while there is also an increasing trend in servitization and circular supply chain management. Moreover, there is extensive combined use of IoT, Big Data Analytics and Cloud, whose applications cover a wide range of processes. On the contrary, other technology like Blockchain is not as widely discussed in the domain of I4.0. This picture calls for a future research agenda extending the scope of investigation into I4.0 in manufacturing. Furthermore, the results of this research can prove extremely useful for practitioners who wish to implement one or more technologies, providing them with solutions for applications in manufacturing.;"Industry 4.0; manufacturing systems; advanced manufacturing technology; manufacturing processes; smart manufacturing; literature review";Emerging;Mature;2;0
57;2019;Logistics 4.0: a systematic review towards a new logistics system;Enterprises are confronted with new customer requirements and challenged by global competition leading to fundamental changes of today’s industry. Against this background, at present Industry 4.0 is the main concept of dealing with these challenges in manufacturing. Lacking a comparable covering concept in logistics, this study aims to stringently unify diverse approaches in research to a Logistics 4.0-framework in order to generate a new picture of the state of logistics research. In this article, a comprehensive framework of Logistics 4.0 is developed. First, the term Logistics 4.0 is defined, and then a systematic literature review of 114 articles on Logistics 4.0 is performed. The resulting framework combines external triggers, main technological innovations, impacts of human interactions and logistics tasks. Existing solutions that support Logistics 4.0 are summarised according to the technologies: internet of things, cyber-physical systems, Big Data, cloud computing, mobile-based systems, social media-based systems and further technologies. Managerial implications are outlined and open research issues are examined. For researchers, this review offers the possibility to unify and expand existing solutions and to identify links and interfaces that are still needed. As for managerial implications, this framework can be used to identify future strategies and technologies to fulfil certain logistics tasks, but also to develop new technological solutions for current and future demands.;"Logistics; Industry 4.0; smart logistics; Internet of Things; big data; systematic literature review";Mature;Mature;4;1
58;2021;Digital twins-based smart manufacturing system design in Industry 4.0: A review;A smart manufacturing system (SMS) is a multi-field physical system with complex couplings among various components. Usually, designers in various fields can only design subsystems of an SMS based on the limited cognition of dynamics. Conducting SMS designs concurrently and developing a unified model to effectively imitate every interaction and behavior of manufacturing processes are challenging. As an emerging technology, digital twins can achieve semi-physical simulations to reduce the vast time and cost of physical commissioning/reconfiguration by the early detection of design errors/flaws of the SMS. However, the development of the digital twins concept in the SMS design remains vague. An innovative Function-Structure-Behavior-Control-Intelligence-Performance (FSBCIP) framework is proposed to review how digital twins technologies are integrated into and promote the SMS design based on a literature search in the Web of Science database. The definitions, frameworks, major design steps, new blueprint models, key enabling technologies, design cases, and research directions of digital twins-based SMS design are presented in this survey. It is expected that this survey will shed new light on urgent industrial concerns in developing new SMSs in the Industry 4.0 era.;"  Digital twins; Smart manufacturing; Industry 4.0; System design; Review";Mature;Emerging;4;0
59;2018;A Survey on Industrial Internet of Things: A Cyber-Physical Systems Perspective;The vision of Industry 4.0, otherwise known as the fourth industrial revolution, is the integration of massively deployed smart computing and network technologies in industrial production and manufacturing settings for the purposes of automation, reliability, and control, implicating the development of an Industrial Internet of Things (I-IoT). Specifically, I-IoT is devoted to adopting the IoT to enable the interconnection of anything, anywhere, and at any time in the manufacturing system context to improve the productivity, efficiency, safety, and intelligence. As an emerging technology, I-IoT has distinct properties and requirements that distinguish it from consumer IoT, including the unique types of smart devices incorporated, network technologies and quality-of-service requirements, and strict needs of command and control. To more clearly understand the complexities of I-IoT and its distinct needs and to present a unified assessment of the technology from a systems’ perspective, in this paper, we comprehensively survey the body of existing research on I-IoT. Particularly, we first present the I-IoT architecture, I-IoT applications (i.e., factory automation and process automation), and their characteristics. We then consider existing research efforts from the three key system aspects of control, networking, and computing. Regarding control, we first categorize industrial control systems and then present recent and relevant research efforts. Next, considering networking, we propose a three-dimensional framework to explore the existing research space and investigate the adoption of some representative networking technologies, including 5G, machine-to-machine communication, and software-defined networking. Similarly, concerning computing, we again propose a second three-dimensional framework that explores the problem space of computing in I-IoT and investigate the cloud, edge, and hybrid cloud and edge computing platforms. Finally, we outline particular challenges and future research needs in control, networking, and computing systems, as well as for the adoption of machine learning in an I-IoT context.;"Manufacturing; automation; machine learning; sensors; production; control systems; cloud computing";Mature;Emerging;4;0
60;2020;Big data analytics and artificial intelligence pathway to operational performance under the effects of entrepreneurial orientation and environmental dynamism: A study of manufacturing organisations;The importance of big data analytics, artificial intelligence, and machine learning has been at the forefront of research for operations and supply chain management. Literature has reported the influence of big data analytics for improved operational performance, but there has been a paucity of research regarding the role of entrepreneurial orientation (EO) on the adoption of big data analytics. To address this gap, we draw on the dynamic capabilities view of firms and on contingency theory to develop and test a model that describes the role of EO on the adoption of big data analytics powered by artificial intelligence (BDA-AI) and operational performance (OP). We tested our research hypotheses using a survey of 256 responses gathered using a pre-tested questionnaire from manufacturing firms in India with the help of the National Association of Software and Services Companies (NASSCOM) and the Federation of Indian Chambers of Commerce and Industry (FICCI). The results from our analysis indicate that EO enables an organisation to exploit and further explore the BDA-AI capabilities to achieve superior OP. Further, our results provide empirical evidence based on data analysis that EO is strongly associated with higher order capabilities (such as BDA-AI) and OP under differential effects of environmental dynamism (ED). These findings extend the dynamic capability view and contingency theory to create better understanding of dynamic capabilities of the organisation while also providing theoretically grounded guidance to the managers to align their EO with their technological capabilities within their firms.;"Big data analytics; Artificial intelligence; Operational performance; Entrepreneurial orientation; Environmental dynamism; Manufacturing organisations";Mature;Mature;4;1
61;2019;Review of job shop scheduling research and its new perspectives under Industry 4.0;Traditional job shop scheduling is concentrated on centralized scheduling or semi-distributed scheduling. Under the Industry 4.0, the scheduling should deal with a smart and distributed manufacturing system supported by novel and emerging manufacturing technologies such as mass customization, Cyber-Physics Systems, Digital Twin, and SMAC (Social, Mobile, Analytics, Cloud). The scheduling research needs to shift its focus to smart distributed scheduling modeling and optimization. In order to transferring traditional scheduling into smart distributed scheduling (SDS), we aim to answer two questions: (1) what traditional scheduling methods and techniques can be combined and reused in SDS and (2) what are new methods and techniques required for SDS. In this paper, we first review existing researches from over 120 papers and answer the first question and then we explore a future research direction in SDS and discuss the new techniques for developing future new JSP scheduling models and constructing a framework on solving the JSP problem under Industry 4.0.;"JSP scheduling; artificial intelligence; smart factory; smart distributed scheduling";Buzz;Mature;3;0
62;2017;A review of the meanings and the implications of the Industry 4.0 concept;The global industrial landscape has changed deeply in the last few years due to successive technological developments and innovations in manufacturing processes. The Industry 4.0 concept has emerged and the academic literature has paid an increased attention to this topic, which remains non-consensual or ill defined. In this research, a literature review is made to understand this concept in its technological dimension, and to comprehend its impacts. This new industrial paradigm brings together the digital and physical worlds through the Cyber-Physical Systems enhanced by Internet of Things and it is expected that this novel has consequences on industry, markets and economy, improving production processes and increasing productivity, affecting the whole product lifecycle, creating new business models, changing the work environment and restructuring the labor market. Therefore, this paper focuses on Industry 4.0 concept and contributes for its clarification and further understanding about the importance and implications of this complex technological system.;"Industry 4.0; industrial paradigm; innovation; Fourth Industrial Revolution; technological development";Emerging;Buzz;2;0
63;2018;Long short-term memory for machine remaining life prediction;"Reliable tracking of performance degradation in dynamical systems such as manufacturing machines or aircraft engines and consequently, prediction of the remaining useful life (RUL) are one of the major challenges in realizing smart manufacturing. Traditional machine learning algorithms are often constrained in adapting to the complex and non-linear characteristics of manufacturing systems and processes. With the rapid development of modern computational hardware, Deep Learning has emerged as a promising computational technique for dynamical system prediction due to its enhanced capability to characterize the system complexity, overcoming the shortcomings of those traditional methods. In this paper, a new approach based on the Long Short-Term Memory (LSTM) network, an architecture that is specialized in discovering the underlying patterns embedded in time series, is proposed to track the system degradation and consequently, to predict the RUL. The objectives of this paper are: 1) translating the raw sensor data to an interpretable health index with the aim of better describing the system health condition; and 2) tracking the historical system degradation for accurate prediction of its future health condition. Evaluation using NASA’s C-MAPSS dataset verifies the effectiveness of the proposed method. Compared with other machine learning techniques, LSTM turns out to be more powerful and accurate in revealing degradation patterns, enabled by its time-dependent structure in nature.";"Long short-term memory; Remaining useful life; Prognostics and health management; Deep learning; Machine learning; Condition-based maintenance";Emerging;Mature;2;0
64;2021;Digital Twin as a Service (DTaaS) in Industry 4.0: An Architecture Reference Model;Recent findings have shown that Digital Twin served multiple constituencies. However, the dilemma between the scope and scale needs a sophisticated reference architecture, a right set of technologies, and a suitable business model. Most studies in the Digital Twin field have only focused on manufacturing and proposed explicit frameworks and architecture, which faced challenges to support different integration levels through an agile process. Besides, no known empirical research has focused on exploring relationships between Digital Twin and mass individualization. Therefore, the principal objective of this study was to identify suitable Industry 4.0 technologies and a holistic reference architecture model to accomplish the most challenging Digital Twin enabled applications. In this study, a Digital Twin reference architecture was developed and applied in an industrial case. Also, Digital Twin as a Service (DTaaS) paradigm utilized for the digital transformation of unique wetlands with considerable advantages, including smart scheduled maintenance, real-time monitoring, remote controlling, and predicting functionalities. The findings indicate that there is a significant relationship between Digital Twin capabilities as a service and mass individualization.;"Digital Twin; Digital Twin as a Service (DTaaS); Industry 4.0; Reference architecture; Cloud computing; Cyber-physical systems";Emerging;Emerging;2;1
65;2017;New IT Driven Service-Oriented Smart Manufacturing: Framework and Characteristics;Recently, along with the wide application of new generation information technologies (New IT) in manufacturing, many countries issued their national advanced manufacturing development strategies, such as Industrial Internet, Industry 4.0, and Made in China 2025. One common aim of these strategies is to achieve smart manufacturing, which demands the interoperation, integration, and fusion of the physical world and the cyber world of manufacturing. As well, New IT [such as Internet of Things (IoT), cloud computing, big data, mobile Internet, and cyber-physical systems (CPS)] have played pivotal roles in promoting smart manufacturing. Data generated in the physical world can be sensed and transfered to the cyber world through IoT and the Internet, and be processed and analyzed by cloud computing, big data technologies to adjust the physical world. The physical world and the cyber world of manufacturing are integrated based on CPS. On the other hand, servitization has become a prominent trend in the manufacturing. Embracing the concept of “Manufacturing-as-a-Service,” manufacturing is provided as service for users. Because of the characteristics of interoperability and platform independence, services pave the way for large-scale smart applications and manufacturing collaboration. Combining New IT and services, this paper proposes a framework-New IT driven service-oriented smart manufacturing (SoSM). SoSM aims at facilitating the visions of smart manufacturing by making full use of New IT and services. Complementary to the framework of SoSM, the New IT driven typical characteristics of SoSM are also investigated and discussed, respectively.;"Manufacturing; cloud computing; big data; industries; collaboration; production";Mature;Emerging;4;0
66;2018;Digital Twin for rotating machinery fault diagnosis in smart manufacturing;With significant advancement in information technologies, Digital Twin has gained increasing attention as it offers an enabling tool to realise digitally-driven, cloud-enabled manufacturing. Given the nonlinear dynamics and uncertainty involved during the process of machinery degradation, proper design and adaptability of a Digital Twin model remain a challenge. This paper presents a Digital Twin reference model for rotating machinery fault diagnosis. The requirements for constructing the Digital Twin model are discussed, and a model updating scheme based on parameter sensitivity analysis is proposed to enhance the model adaptability. Experimental data are collected from a rotor system that emulates an unbalance fault and its progression. The data are then input to a Digital Twin model of the rotor system to investigate its ability of unbalance quantification and localisation for fault diagnosis. The results show that the constructed Digital Twin rotor model enables accurate diagnosis and adaptive degradation analysis.;"Digital twin; digital manufacturing; cyber-physical system; fault diagnosis";Emerging;Emerging;2;1
67;2016;Digital Twin Data Modeling with AutomationML and a Communication Methodology for Data Exchange;In the context of the Cyber Physical Systems toward the realization of a Digital Twin system for future manufacturing and product service systems we propose the use of AutomationML to model attributes related to the Digital Twin. Also, we propose that this model is very useful for data exchange between different systems that are connected with the Digital Twin. We present a case study where a industrial component was modeled and simulated to prove that our methodology works.;"Industry 4.0; Cyber Physical Systems (CPS); Internet of Things (IoT); Digital Twin; data exchange";Emerging;Mature;2;0
68;2015;A dynamic model and an algorithm for short-term supply chain scheduling in the smart factory industry 4.0;Smart factories Industry 4.0 on the basis of collaborative cyber-physical systems represents a future form of industrial networks. Supply chains in such networks have dynamic structures which evolve over time. In these settings, short-term supply chain scheduling in smart factories Industry 4.0 is challenged by temporal machine structures, different processing speed at parallel machines and dynamic job arrivals. In this study, for the first time, a dynamic model and algorithm for short-term supply chain scheduling in smart factories Industry 4.0 is presented. The peculiarity of the considered problem is the simultaneous consideration of both machine structure selection and job assignments. The scheduling approach is based on a dynamic non-stationary interpretation of the execution of the jobs and a temporal decomposition of the scheduling problem. The algorithmic realisation is based on a modified form of the continuous maximum principle blended with mathematical optimisation. A detailed theoretical analysis of the temporal decomposition and computational complexity is performed. The optimality conditions as well as the structural properties of the model and the algorithm are investigated. Advantages and limitations of the proposed approach are discussed.;"supply chain scheduling; smart factory; structure dynamics; flexible flow shop; alternative machines; optimal programme control";Emerging;Buzz;2;0
69;2020;Industrial internet of things: Recent advances, enabling technologies and open challenges;The adoption of emerging technological trends and applications of the Internet of Things (IoT) in the industrial systems is leading towards the development of Industrial IoT (IIoT). IIoT serves as a new vision of IoT in the industrial sector by automating smart objects for sensing, collecting, processing and communicating the real-time events in industrial systems. The major objective of IIoT is to achieve high operational efficiency, increased productivity, and better management of industrial assets and processes through product customization, intelligent monitoring applications for production floor shops and machine health, and predictive and preventive maintenance of industrial equipment. In this paper, we present a new and clear definition of IIoT, which can help the readers to understand the concept of IIoT. We have described the state-of-the-art research efforts in IIoT. Finally, we have highlighted the enabling technologies for IIoT and recent challenges faced by IIoT.;"Industrial internet of things; Industry 4.0; Cyber physical systems; Cloud computing; Blockchain; Artificial intelligence; Virtual reality";Emerging;Emerging;2;1
70;;Artificial intelligence and smart vision for building and construction 4.0: Machine and deep learning methods and applications;"This article presents a state-of-the-art review of the applications of Artificial Intelligence (AI), Machine Learning (ML), and Deep Learning (DL) in building and construction industry 4.0 in the facets of architectural design and visualization; material design and optimization; structural design and analysis; offsite manufacturing and automation; construction management, progress monitoring, and safety; smart operation, building management and health monitoring; and durability, life cycle analysis, and circular economy. This paper presents a unique perspective on applications of AI/DL/ML in these domains for the complete building lifecycle, from conceptual stage, design stage, construction stage, operational and maintenance stage until the end of life. Furthermore, data collection strategies using smart vision and sensors, data cleaning methods (post-processing), data storage for developing these models are discussed, and the challenges in model development and strategies to overcome these challenges are elaborated. Future trends in these domains and possible research avenues are also presented.";"Artificial intelligence; Machine learning; Deep learning; Automation; Internet of things; Building information modelling; Smart vision; Convolution neural network; Generative adversarial network; Artificial neural network";Emerging;Emerging;2;1
71;2017;A Digital Twin-Based Approach for Designing and Multi-Objective Optimization of Hollow Glass Production Line;Various new national advanced manufacturing strategies, such as Industry 4.0, Industrial Internet, and Made in China 2025, are issued to achieve smart manufacturing, resulting in the increasing number of newly designed production lines in both developed and developing countries. Under the individualized designing demands, more realistic virtual models mirroring the real worlds of production lines are essential to bridge the gap between design and operation. This paper presents a digital twin-based approach for rapid individualized designing of the hollow glass production line. The digital twin merges physics-based system modeling and distributed real-time process data to generate an authoritative digital design of the system at pre-production phase. A digital twin-based analytical decoupling framework is also developed to provide engineering analysis capabilities and support the decision-making over the system designing and solution evaluation. Three key enabling techniques as well as a case study in hollow glass production line are addressed to validate the proposed approach.;"Optimization; data models; couplings; glass; conferences";Emerging;Emerging;2;1
72;2019;The blockchain: State-of-the-art and research challenges;The blockchain revolutionizes the creation of both scalable information technology systems and diversified applications by integrating the increasingly popular artificial intelligence, cloud computing, and big data. Various industries have recently begun to implement the exploration of blockchain. It will not take long for the blockchain to spread all over the world. In order to identify and further the development of the blockchain technology, this paper reviews the extant studies on the blockchain and its key components, blockchain-based IoT, blockchain-based security, blockchain-based data management, and the main applications based on the blockchain, and it delineates potential trends and challenges. This study provides a comprehensive overview of state-of-the-art blockchain and describes a forward-looking direction.;"Blockchain; Decentralization; Smart Contract; Security; Privacy";Mature;Buzz;4;0
73;2019;Data-Driven Methods for Predictive Maintenance of Industrial Equipment: A Survey;"With the tremendous revival of artificial intelligence, predictive maintenance (PdM) based on data-driven methods has become the most effective solution to address smart manufacturing and industrial big data, especially for performing health perception (e.g., fault diagnosis and remaining life assessment). Moreover, because the existing PdM research is still in primary experimental stage, most works are conducted utilizing several open-datasets, and the combination with specific applications such as rotating machinery is especially rare. Hence, in this paper, we focus on data-driven methods for PdM, present a comprehensive survey on its applications, and attempt to provide graduate students, companies, and institutions with the preliminary understanding of the existing works recently published. Specifically, we first briefly introduce the PdM approach, illustrate our PdM scheme for automatic washing equipment, and demonstrate the challenges encountered when we conduct a PdM research. Second, we classify the specific industrial applications based on six algorithms of machine learning and deep learning (DL), and compare five performance metrics for each classification. Furthermore, the accuracy (a metric to evaluate the algorithm performance) of these PdM applications is analyzed in detail. There are some important conclusions: 1) the data used in the summarized literature are mostly from public datasets, such as case western reserve university (CWRU)/intelligent maintenance systems (IMS); and 2) in recent years, researchers seem to focus more on DL algorithms for PdM research. Finally, we summarize the common features regarding our surveyed PdM applications and discuss several potential directions.";"Predictive maintenance; prognostics and health management; predictive models; data models; fault diagnosis; machine learning algorithms";Buzz;Mature;3;0
74;2020;Blockchain for Industry 4.0: A Comprehensive Review;Due to the proliferation of ICT during the last few decades, there is an exponential increase in the usage of various smart applications such as smart farming, smart healthcare, supply-chain & logistics, business, tourism and hospitality, energy management etc. However, for all the aforementioned applications, security and privacy are major concerns keeping in view of the usage of the open channel, i.e., Internet for data transfer. Although many security solutions and standards have been proposed over the years to enhance the security levels of aforementioned smart applications, but the existing solutions are either based upon the centralized architecture (having single point of failure) or having high computation and communication costs. Moreover, most of the existing security solutions have focussed only on few aspects and fail to address scalability, robustness, data storage, network latency, auditability, immutability, and traceability. To handle the aforementioned issues, blockchain technology can be one of the solutions. Motivated from these facts, in this paper, we present a systematic review of various blockchain-based solutions and their applicability in various Industry 4.0-based applications. Our contributions in this paper are in four fold. Firstly, we explored the current state-of-the-art solutions in the blockchain technology for the smart applications. Then, we illustrated the reference architecture used for the blockchain applicability in various Industry 4.0 applications. Then, merits and demerits of the traditional security solutions are also discussed in comparison to their countermeasures. Finally, we provided a comparison of existing blockchain-based security solutions using various parameters to provide deep insights to the readers about its applicability in various applications.;"Industries; medical services; computer architecture; data privacy; Internet";Buzz;Buzz;3;1
75;2020;A hybrid predictive maintenance approach for CNC machine tool driven by Digital Twin;As a typical manufacturing equipment, CNC machine tool (CNCMT) is the mother machine of industry. Fault of CNCMT might cause the loss of precision and affect the production if troubleshooting is not timely. Therefore, the reliability of CNCMT has a big significance. Predictive maintenance is an effective method to avoid faults and casualties. Due to less consideration of the status variety and consistency of CNCMT in its life cycle, current methods cannot achieve accurate, timely and intelligent results. To realize reliable predictive maintenance of CNCMT, a hybrid approach driven by Digital Twin (DT) is studied. This approach is DT model-based and DT data-driven hybrid. With the proposed framework, a hybrid predictive maintenance algorithm based on DT model and DT data is researched. At last, a case study on cutting tool life prediction is conducted. The result shows that the proposed method is feasible and more accurate than single approach.;"CNC machine tool; Digital Twin; Hybrid approach; Predictive maintenance";Emerging;Emerging;2;1
76;2017;Smart manufacturing: Characteristics, technologies and enabling factors;"The purpose of this article is to collect and structure the various characteristics, technologies and enabling factors available in the current body of knowledge that are associated with smart manufacturing. Eventually, it is expected that this selection of characteristics, technologies and enabling factors will help compare and distinguish other initiatives such as Industry 4.0, cyber-physical production systems, smart factory, intelligent manufacturing and advanced manufacturing, which are frequently used synonymously with smart manufacturing. The result of this article is a comprehensive list of such characteristics, technologies and enabling factors that are regularly associated with smart manufacturing. This article also considers principles of “semantic similarity” to establish the basis for a future smart manufacturing ontology, since it was found that many of the listed items show varying overlaps; therefore, certain characteristics and technologies are merged and/or clustered. This results in a set of five defining characteristics, 11 technologies and three enabling factors that are considered relevant for the smart manufacturing scope. This article then evaluates the derived structure by matching the characteristics and technology clusters of smart manufacturing with the design principles of Industry 4.0 and cyber-physical systems. The authors aim to provide a solid basis to start a broad and interdisciplinary discussion within the research and industrial community about the defining characteristics, technologies and enabling factors of smart manufacturing.";"Smart manufacturing; Industrie 4.0; Industry 4.0; cyber-physical systems; smart factory; intelligent manufacturing; industrial Internet; advanced manufacturing; digital manufacturing";Mature;Emerging;4;0
77;2017;A Manufacturing Big Data Solution for Active Preventive Maintenance;Industry 4.0 has become more popular due to recent developments in cyber-physical systems, big data, cloud computing, and industrial wireless networks. Intelligent manufacturing has produced a revolutionary change, and evolving applications, such as product lifecycle management, are becoming a reality. In this paper, we propose and implement a manufacturing big data solution for active preventive maintenance in manufacturing environments. First, we provide the system architecture that is used for active preventive maintenance. Then, we analyze the method used for collection of manufacturing big data according to the data characteristics. Subsequently, we perform data processing in the cloud, including the cloud layer architecture, the real-time active maintenance mechanism, and the offline prediction and analysis method. Finally, we analyze a prototype platform and implement experiments to compare the traditionally used method with the proposed active preventive maintenance method. The manufacturing big data method used for active preventive maintenance has the potential to accelerate implementation of Industry 4.0.;"Big data; manufacturing; cloud computing; preventive maintenance; real-time systems";Emerging;Buzz;2;0
78;2022;Disruptive Technologies and Operations Management in the Industry 4.0 Era and Beyond;In the Industry 4.0 era, automation and data analytics emerge as the major forces to enhance efficiency in operations management (OM). Disruptive technologies, such as artificial intelligence, robotics, blockchain, 3D printing, 5G, Internet?of?Thing, digital twins, and augmented reality, are widely applied. They potentially will bring a radical change to real world operations. In this study, we first explore several major disruptive technologies, examine the corresponding OM studies, and highlight their current applications in the industry. Then, we discuss the pros and cons associated with the use of these technologies and uncover the potential human–machine conflicting areas. After that, we propose measures which may be able to achieve human–machine reconciles in the coming Industry 5.0 era. A concept of “sustainable social welfare” which includes worker welfare, privacy, etc. is proposed and the roles played by policy makers are also discussed. Finally, a future research agenda, which covers topics in both the Industry 4.0 and Industry 5.0 eras, is established.;"Disruptive technologies; Industry 4.0; Industry 5.0; Operations management";Emerging;Buzz;2;0
79;2018;Bearing remaining useful life prediction based on deep autoencoder and deep neural networks;Bearings play a crucial part in reliable operation of rotating machinery in manufacturing systems. There is a growing demand for smart prognostics of bearing remaining useful life (RUL). The data driven approach for bearing RUL prediction has shown promising potential to support smart prognostics. The recent advances in deep learning and industrial big data provide new solutions for data driven bearing RUL prediction yet still face significant challenges, e.g. optimal feature selection and efficient feature compression. This paper proposes a new deep learning based prediction framework for bearing RUL by using deep autoencoder and deep neural networks (DNN). A novel eigenvector based on time–frequency-wavelet joint features is proposed to effectively represent bearing degradation process. A deep autoencoder based joint features compression and computing method is presented to retain effective information without increasing the scale of DNN. The experiment results showed that the proposed method can achieve better efficiency in bearing RUL prediction.;"Remaining useful life (RUL); Deep learning; Deep autoencoder; Deep neural networks (DNN); Bearing; Predictive maintenance";Emerging;Emerging;2;1
80;2017;The Operator 4.0: Human Cyber-Physical Systems & Adaptive Automation Towards Human-Automation Symbiosis Work Systems;A vision for the Operator 4.0 is presented in this paper in the context of human cyber-physical systems and adaptive automation towards human-automation symbiosis work systems for a socially sustainable manufacturing workforce. Discussions include base concepts and enabling technologies for the development of human-automation symbiosis work systems in Industry 4.0.;"Operator 4.0; human cyber-physical systems; adaptive automation; human-automation symbiosis; socially sustainable manufacturing";Emerging;Buzz;2;0
81;2022;Industry 4.0 based sustainable circular economy approach for smart waste management system to achieve sustainable development goals: A case study of Indonesia;"Indonesia is facing a number of independently managed challenges related to the collection, transportation, processing (composting, recycling), and landfill dependence on waste management. An intervention is needed to bring stakeholders together to solve these waste challenges. The objectives of this study are to investigate the fundamental issues and opportunities and to develop a sustainable and smart country-wide waste management system using industry 4.0 technologies. The system should provide a multi-dimensional approach, determine the maturity level of the waste management system in a technical method, and pursue the goal of designing a new strategy to minimise waste management problems. A comprehensive systematic literature review, intensive focus group discussions, and direct observation in Indonesian cities were approaches used to develop waste management business processes and their system design. Waste business processes consist of mixed-collecting, sorting, transporting, varied-treatment, and chained-disposal. The design of the proposed waste management system presents circular economy processes that can separate municipal waste, identify waste characteristics, and determine sustainable waste treatment technologies through the use of Internet of Thing (IoT) as the integrator. This study contributes to the sustainable development goals (SDG’s) such as Good health, and wellbeing (SDG 3); Clean water and sanitation (SDG 6); Decent Work and Economic Growth (SDG 8); Responsible Consumption and Production (SDG 12) and Climate Action (SDG 13). The study proposes a new design of smart and sustainable waste management which could achieve satisfactory economic, social, and environmental waste management performances.";"Industry 4.0; Internet of Thing (IoT); Maturity model; Smart waste management; Sustainability; Sustainable circular economy; Sustainable development goals (SDG’s)";Emerging;Emerging;2;1
82;2020;Artificial intelligence in the AEC industry: Scientometric analysis and visualization of research activities;The Architecture, Engineering and Construction (AEC) industry is fraught with complex and difficult problems. Artificial intelligence (AI) represents a powerful tool to assist in addressing these problems. Therefore, over the years, researchers have been conducting research on AI in the AEC industry (AI-in-the-AECI). In this paper, the first comprehensive scientometric study appraising the state-of-the-art of research on AI-in-the-AECI is presented. The science mapping method was used to systematically and quantitatively analyze 41,827 related bibliographic records retrieved from Scopus. The results indicated that genetic algorithms, neural networks, fuzzy logic, fuzzy sets, and machine learning have been the most widely used AI methods in AEC. Optimization, simulation, uncertainty, project management, and bridges have been the most commonly addressed topics/issues using AI methods/concepts. The primary value and uniqueness of this study lies in it being the first in providing an up-to-date inclusive, big picture of the literature on AI-in-the-AECI. This study adds value to the AEC literature through visualizing and understanding trends and patterns, identifying main research interests, journals, institutions, and countries, and how these are linked within now-available studies on AI-in-the-AECI. The findings bring to light the deficiencies in the current research and provide paths for future research, where they indicated that future research opportunities lie in applying robotic automation and convolutional neural networks to AEC problems. For the world of practice, the study offers a readily-available point of reference for practitioners, policy makers, and research and development (R&D) bodies. This study therefore raises the level of awareness of AI and facilitates building the intellectual wealth of the AI area in the AEC industry.;"Architecture-engineering-construction; Artificial intelligence; Automation; Digital transformation; Industry 4.0; Machine intelligence; Review; Scientometric";Mature;Emerging;4;0
83;2015;A big data approach for logistics trajectory discovery from RFID-enabled production data;Radio frequency identification (RFID) has been widely used in supporting the logistics management on manufacturing shopfloors where production resources attached with RFID facilities are converted into smart manufacturing objects (SMOs) which are able to sense, interact, and reason to create a ubiquitous environment. Within such environment, enormous data could be collected and used for supporting further decision-makings such as logistics planning and scheduling. This paper proposes a holistic Big Data approach to excavate frequent trajectory from massive RFID-enabled shopfloor logistics data with several innovations highlighted. Firstly, RFID-Cuboids are creatively introduced to establish a data warehouse so that the RFID-enabled logistics data could be highly integrated in terms of tuples, logic, and operations. Secondly, a Map Table is used for linking various cuboids so that information granularity could be enhanced and dataset volume could be reduced. Thirdly, spatio-temporal sequential logistics trajectory is defined and excavated so that the logistics operators and machines could be evaluated quantitatively. Finally, key findings from the experimental results and insights from the observations are summarized as managerial implications, which are able to guide end-users to carry out associated decisions.;"Big data; Logistics control; RFID; Shopfloor manufacturing; Trajectory pattern";Emerging;Emerging;2;1
84;2020;Variational LSTM Enhanced Anomaly Detection for Industrial Big Data;With the increasing population of Industry 4.0, industrial big data (IBD) has become a hotly discussed topic in digital and intelligent industry field. The security problem existing in the signal processing on large scale of data stream is still a challenge issue in industrial internet of things, especially when dealing with the high-dimensional anomaly detection for intelligent industrial application. In this article, to mitigate the inconsistency between dimensionality reduction and feature retention in imbalanced IBD, we propose a variational long short-term memory (VLSTM) learning model for intelligent anomaly detection based on reconstructed feature representation. An encoder-decoder neural network associated with a variational reparameterization scheme is designed to learn the low-dimensional feature representation from high-dimensional raw data. Three loss functions are defined and quantified to constrain the reconstructed hidden variable into a more explicit and meaningful form. A lightweight estimation network is then fed with the refined feature representation to identify anomalies in IBD. Experiments using a public IBD dataset named UNSW-NB15 demonstrate that the proposed VLSTM model can efficiently cope with imbalance and high-dimensional issues, and significantly improve the accuracy and reduce the false rate in anomaly detection for IBD according to F1, area under curve (AUC), and false alarm rate (FAR).;"Anomaly detection; feature extraction; intrusion detection; dimensionality reduction; neural networks; estimation";Weak;Weak;1;1
85;2019;Defining a Digital Twin-based Cyber-Physical Production System for autonomous manufacturing in smart shop floors;Smart manufacturing is the core idea of the fourth industrial evolution. For a smart manufacturing shop floor, real-time monitoring, simulation and prediction of manufacturing operations are vital to improve the production efficiency and flexibility. In this paper, the Cyber-Physical System (CPS) and Digital Twin technologies are introduced to build the interconnection and interoperability of a physical shop floor and corresponding cybershop floor. A Digital Twin-based Cyber-Physical Production System (DT-CPPS) is further established, and the configuring mechanism, operating mechanism and real-time data-driven operations control of DT-CPPS are discussed in detail. It is expected that DT-CPPS will provide the basis for shop floors to march towards smart manufacturing.;"Smart manufacturing; digital twin; cyber-physical production system (CPPS); autonomous manufacturing; operations control";Emerging;Emerging;2;1
86;2018;Experimentable Digital Twins-Streamlining Simulation-Based Systems Engineering for Industry 4.0;"Digital twins represent real objects or subjects with their data, functions, and communication capabilities in the digital world. As nodes within the internet of things, they enable networking and thus the automation of complex value-added chains. The application of simulation techniques brings digital twins to life and makes them experimentable; digital twins become experimentable digital twins (EDTs). Initially, these EDTs communicate with each other purely in the virtual world. The resulting networks of interacting EDTs model different application scenarios and are simulated in virtual testbeds, providing new foundations for comprehensive simulation-based systems engineering. Its focus is on EDTs, which become more detailed with every single application. Thus, complete digital representations of the respective real assets and their behaviors are created successively. The networking of EDTs with real assets leads to hybrid application scenarios in which EDTs are used in combination with real hardware, thus realizing complex control algorithms, innovative user interfaces, or mental models for intelligent systems.";"Solid modeling; analytical models; mathematical model; industries; sensors";Emerging;Emerging;2;1
87;2020;Big data analytics as an operational excellence approach to enhance sustainable supply chain performance;"Operations management is a core organizational function involved in the management of activities to produce and deliver products and services. Appropriate operations decisions rely on assessing and using information; a task made more challenging in the Big Data era. Effective management of data (big data analytics; BDA), along with staff capabilities (the talent capability in the use of big data) support firms to leverage big data analytics and organizational learning in support of sustainable supply chain management outcomes. The current study uses dynamic capability theory as a foundation for evaluating the role of BDA capability as an operational excellence approach in improving sustainable supply chain performance. We surveyed mining executives in the emerging economy of South Africa and received 520 valid responses (47% response rate). We used Partial Least Squares Structural Equation Modelling (PLS-SEM) to analyze the data. The findings show that big data analytics management capabilities have a strong and significant effect on innovative green product development and sustainable supply chain outcomes. Big data analytics talent capabilities have a weaker but still significant effect on employee development and sustainable supply chain outcomes. Innovation and learning performance affect sustainable supply chain performance, and supply chain innovativeness has an important moderating role. A contribution of the study is identifying two pathways that managers can use to improve sustainable supply chain outcomes in the mining industry, based on big data analytics capabilities.";"Big data analytics; Operational excellence; Dynamic capability view; Supply chain sustainability; Learning performance";Emerging;Mature;2;0
88;2020;Bearing Fault Detection and Diagnosis Using Case Western Reserve University Dataset With Deep Learning Approaches: A Review;A smart factory is a highly digitized and connected production facility that relies on smart manufacturing. Additionally, artificial intelligence is the core technology of smart factories. The use of machine learning and deep learning algorithms has produced fruitful results in many fields like image processing, speech recognition, fault detection, object detection, or medical sciences. With the increment in the use of smart machinery, the faults in the machinery equipment are expected to increase. Machinery fault detection and diagnosis through various deep learning algorithms has increased day by day. Many types of research have been done and published using both open-source and closed-source datasets, implementing the deep learning algorithms. Out of many publicly available datasets, Case Western Reserve University (CWRU) bearing dataset has been widely used to detect and diagnose machinery bearing fault and is accepted as a standard reference for validating the models. This paper summarizes the recent works which use the CWRU bearing dataset in machinery fault detection and diagnosis employing deep learning algorithms. We have reviewed the published works and presented the working algorithm, result, and other necessary details in this paper. This paper, we believe, can be of good help for future researchers to start their work on machinery fault detection and diagnosis using the CWRU dataset.;"Fault detection; machinery; deep learning; vibrations; frequency-domain analysis; wavelet transforms";Buzz;Buzz;3;1
89;2018;A critical investigation of Industry 4.0 in manufacturing: theoretical operationalisation framework;Increasing global competition on product quality and production costs, and the need for flexibility in production petition for transformed production processes which enable high level of connectivity and integration between business processes and systems. Much of the conventional computer- integrated efforts and advanced manufacturing technologies are limited in scope and restricted to only some organisational areas. Such limited scope, which stems from limited connectivity and integration between manufacturing and enterprise systems, confines the achievement of full potential of these systems within manufacturing. Industry 4.0, characterised by computing developments, can create a platform for addressing integration challenge through enabling comprehensive connectivity. Hence, this paper, through following deductive research paradigm and using systems theory as the theoretical base, aims to investigate recent academic research and industrial reports in the area of Industry 4.0 and smart manufacturing to provide detailed insights on execution of Industry 4.0, and to propose a theoretical framework for operationalisation of Industry 4.0 in manufacturing.;"Industry 4.0; Internet of Things; cyber-physical systems; manufacturing";;;;1
90;2020;From Artificial Intelligence to Explainable Artificial Intelligence in Industry 4.0: A Survey on What, How, and Where;Nowadays, Industry 4.0 can be considered a reality, a paradigm integrating modern technologies and innovations. Artificial intelligence (AI) can be considered the leading component of the industrial transformation enabling intelligent machines to execute tasks autonomously such as self-monitoring, interpretation, diagnosis, and analysis. AI-based methodologies (especially machine learning and deep learning support manufacturers and industries in predicting their maintenance needs and reducing downtime. Explainable artificial intelligence (XAI) studies and designs approaches, algorithms and tools producing human-understandable explanations of AI-based systems information and decisions. This article presents a comprehensive survey of AI and XAI-based methods adopted in the Industry 4.0 scenario. First, we briefly discuss different technologies enabling Industry 4.0. Then, we present an in-depth investigation of the main methods used in the literature: we also provide the details of what, how, why, and where these methods have been applied for Industry 4.0. Furthermore, we illustrate the opportunities and challenges that elicit future research directions toward responsible or human-centric AI and XAI systems, essential for adopting high-stakes industry applications.;"Fourth Industrial Revolution; artificial intelligence; industries; hidden Markov models; manufacturing; service robots; robots";Buzz;Emerging;3;0
91;2020;Reconfigurable supply chain: the X-network;Research on supply chain (SC) digitalization, resilience, sustainability and leagility has remarkably progressed, most of it focused on the individual contributions of these four major frameworks. However, a lack of integration spanning these individual frameworks can be observed. In this conceptual paper, we hypothesize that reconfigurability can be considered such an integral perspective that consolidates the research in SC adaptation to ever changing environments. We theorize a new notion – a Reconfigurable SC or the X-network – that exhibits some crucial design and control characteristics for complex value-adding systems in highly vulnerable environments. We support our argumentation and conceptual viewpoints by a literature analysis along with tertiary studies to review and structure contextual factors of designing the X-networks. We propose respective frameworks and discuss the implementation principles and technologies at the macro and micro levels. Two novel concepts – dynamic SC meta-structures and dynamic autonomous services – are introduced. Distinctively, we go beyond the existing knowledge to predict proactively the future directions in the reconfigurable SCs. Our results can be of value for decision-makers to decipher chances and barriers in contemporary SC transformations.;"Supply chain resilience; Industry 4.0; sustainable supply chain; ripple effect; digital twin; reconfigurable supply chain";Emerging;Emerging;2;1
92;2017;The Digital Twin: Demonstrating the potential of real time data acquisition in production systems;The acquisition of data and the development of different options in production system and factory planning requires up to 2/3rds of the total needed time resources. The digitization of production systems offers the possibility of automated data acquisition. Nevertheless, approaches concerning fully automated data acquisition systems are not widely spread among SME (small and medium sized enterprises). On the one hand, this is caused by the heterogeneous databases, on the other hand by insufficient data processing systems. Furthermore, the advantages of The Digital Twin are not sufficiently known due to the lack of competence in SME concerning matters of Industry 4.0. In order to transfer knowledge about the benefits of digitalization, the development of demonstrating platforms is crucial. This paper introduces a learning factory based concept to demonstrate the potentials and advantages of real time data acquisition and subsequent simulation based data processing. Therefore, an existing learning factory will be upgraded regarding both, multi-modal data acquisition technologies as well as a locally independent optimization environment. Thereby the requirements of SME concerning flexible, easy to use, scalable and service oriented digitization applications are met. The approach is part of a concept for the realization of a Cyber Physical Production System (CPPS) in SME that ensures the development of an image of the production with the aid of a multi-modal data acquisition.;"Digital twin; Industry 4.0; process optimization";Emerging;Emerging;2;1
93;2019;The strategic role of logistics in the industry 4.0 era;By leveraging new technologies (Additive Manufacturing, Advanced Robotics, Artificial Intelligence, Autonomous Vehicles, Blockchain, Drones, Internet of Things, etc.), many companies are developing cyber-physical systems that can change the competition landscape. In the midst of this exciting development, we examine the strategic role of logistics and transportation services for creating economic, environmental and social values. Also, we discuss some new research directions.;"Industry 4.0; Logistics; Supply chain management; Digitalization; Emerging technologies";Emerging;Buzz;2;0
94;2020;Impact of Industry 4.0 on supply chain performance;Considering the crucial role Information Technology (IT) plays in achieving performance improvements in business processes, this paper aims to explore the potential impact of the fourth industrial revolution – Industry 4.0 and its associated technological advances on Supply Chain (SC) performance. This study is exploratory research, conducted based on inductive reasoning, which aims to bring new insights into the topic, and to provide forward-thinking for future research. Hence, through conducting a systematic literature review, the paper attempts to explore the impact of Industry 4.0 on SC performance and to conceptualise and develop findings into an operational framework underpinned by Systems Theory. Based on this research, the application of Industry 4.0-enabling-technologies is expected to bring about significant performance improvements in SCM by enabling a holistic approach towards supply chain management resulting from extensive supply chain integration as well as information sharing and transparency throughout the supply chain. Moreover, these technologies allow for huge performance improvements within individual supply chain processes such as procurement, production, inventory management and retailing through enabling process integration, digitisation and automation, and bringing about novel analytical capabilities.;"Industry 4.0; Internet of Things (IoT); cyber-physical systems (CPSs); big data analytics (BDA); supply chain processes; performance improvement";Emerging;Buzz;2;0
95;2018;Circular economy meets industry 4.0: Can big data drive industrial symbiosis?;Cross-industry networks of multiple supply chains have evolved in the circular economy model using approaches such as industrial and urban symbiosis. However, the implementation of such sustainable industrial networks with matrix-like structures is not straightforward. Despite the clear benefits of big data-driven industrial symbiosis, corporates have noted that social, environmental and economic perspectives are also highly appreciated in the cross-industry networks. Moreover, gaps remain in operational data-driven and recycle, reduce and reuse optimization solutions, which may be the key components of industrial symbiosis practices.;"Industry 4.0; Industrial ecology; Big data";Emerging;Emerging;2;1
96;2021;Industry 4.0 adoption and 10R advance manufacturing capabilities for sustainable development;"Industry 4.0 technologies provide digital solutions for the automation of manufacturing. In circular economy-based models, the resources stay in the system as it experiences one of the 10 R (Refuse, Rethink, Reduce, Reuse, Repair, Refurbish, Remanufacture, Repurpose, Recycle, and Recover) processes. These 10 R processes require the development of advanced manufacturing capabilities; however, 10 R processes suffer from various challenges and can be effectively overcome through Industry 4.0 technological applications. Although literature has indicated the use of various Industry 4.0 technologies, little information is available about firms’ views on the degree of Industry 4.0 application in the 10 R based advanced manufacturing area and its ability to achieve sustainable development. The current study aspires to examine how great an effect Industry 4.0 adoption has on 10 R advanced manufacturing capabilities and its outcome on sustainable development under the moderating effect of an Industry 4.0 delivery system. Practice-based view and Dynamic capability view theories are used to conceptualise the theoretical model. The research team statistically validated the theoretical model considering 124 data points that were collected using an online survey with a structured questionnaire. The findings point out that the path degree of Industry 4.0 adoption and 10 R advanced manufacturing capabilities are statistically significant. 10 R advanced manufacturing capabilities are found to have a positive influence on sustainable development outcomes. Industry 4.0 delivery system has a moderating effect on the path degree of I4.0 implementation and 10 R advanced manufacturing capabilities. The study concludes with key take away points for managers.";"Industry 4.0; Circular economy; Sustainable development; Advanced manufacturing capabilities; 10R processes; Dynamic capability view";Emerging;Emerging;2;1
97;2018;Industrial IoT in 5G environment towards smart manufacturing;Smart manufacturing based on cyber-physical manufacturing systems (CPMS) has become the development trend and been widely recognized all over the world. Throughout the development trend of CPMS, one of the key issues is industrial Internet-of-Things (IIoT) with the characteristics of automation, smart connected, real-time monitoring, and collaborative control. Along with the permeation and applications of advanced technologies in manufacturing, massive amounts of data have been generated in the manufacturing process. However, the current 3th generation mobile network (3G), 4G and other communication technologies cannot meet the demands of CPMS for high data rate, high reliability, high coverage, low latency, etc., which hinders the development and implementation of CPMS. As a future advanced wireless transmission technology, 5G has a significant potential to promote IIoT and CPMS. Based on the architecture and characteristics of 5G wireless communication technology, this paper proposes the architecture of 5G-based IIoT, and describes the implementation methods of different advanced manufacturing scenarios and manufacturing technologies under the circumstances of three typical application modes of 5G, respectively, i.e., enhance mobile broadband (eMBB), massive machine type communication (mMTC), ultra-reliable and low latency communication (URLLC). Besides, the characteristics, key technologies and challenges of the 5G based IIoT are also analyzed.;"5G; Industrial Internet-of-Things (IIoT); Cyber-physical Manufacturing System (CPMS); Smart manufacturing; Architecture";Emerging;Mature;2;0
98;2020;Researchers' perspectives on Industry 4.0: multi-disciplinary analysis and opportunities for operations management;While Industry 4.0 has been trending in practice and research, operations management studies in this area remain nascent. Our intent is to understand the current state of research in Industry 4.0 in different disciplines and deduce insights and opportunities for future research in operations management. In this paper, we provide a focused analysis to examine the state-of-the-art research in Industry 4.0. To learn about researchers’ perspectives about Industry 4.0, we conducted a large-scale, cross-disciplinary and global survey on Industry 4.0 topics among researchers in industrial engineering, operations management, operations research, control and data science at the 9th IFAC MIM 2019 Conference in Berlin in August 2019. By using our survey findings and literature analysis, we build structural and conceptual frameworks to understand the current state of knowledge and to propose future research opportunities for operations management scholars.;"Industry 4.0; operations management; industrial engineering; data science; operations research; control";Emerging;Buzz;2;0
99;2021;Unleashing the convergence amid digitalization and sustainability towards pursuing the Sustainable Development Goals (SDGs): A holistic review;"The Sustainable Development Goals (SDGs) within the United Nations 2030 Agenda emerged in 2015, becoming an unprecedented global compass for navigating extant sustainability challenges. Nevertheless, it still represents a nascent field enduring uncertainties and complexities. In this regard, the interplay between digitalization and sustainability unfolds bright opportunities for shaping a greener economy and society, paving the way towards the SDGs. However, little evidence exists so far, about a genuine contribution of digital paradigms to sustainability. Besides, their role to tackle the SDGs research gaps remains unexplored. Thus, a holistic characterization of the aforementioned topics has not been fully explored in the emerging literature, deserving further research. The article endeavors a twofold purpose: (1) categorizing the main SDGs research gaps; (2) coupled with a critical exploration of the potential contribution of digital paradigms, particularly Big Data and Artificial Intelligence, towards overcoming the aforesaid caveats and pursuing the 2030 Agenda. Ultimately, the study seeks to bridge literature gaps by providing a first-of-its-kind overview on the SDGs and their nexus with digitalization, while unraveling policy implications and future research directions. The methodology has consisted of a systematic holistic review and in-depth qualitative analysis of the literature on the realms of the SDGs and digitalization. Our findings evidence that the SDGs present several research gaps, namely: flawed understanding of complexities and interlinkages; design shortcomings and imbalances; implementation and governance hurdles; unsuitable indicators and assessment methodologies; truncated adoption and off-target progress; unclear responsibilities and lacking coordination; untapped role of technological innovation and knowledge management. Moreover, our results show growing expectations about the added value brought by digitalization for pursuing the SDGs, through novel data sources, enhanced analytical capacities and collaborative digital ecosystems. However, current research and practice remains in early-stage, pointing to ethical, social and environmental controversies, along with policy caveats, which merit additional research. In light of the findings, the authors suggest a first-approach exploration of research and policy implications. Results suggest that further multidisciplinary research, dialogue and concerted efforts for transformation are required. Reframing the Agenda, while aligning the sustainable development and digitalization policies, seems advisable to ensure a holistic sustainability. The findings aim at guiding and stimulating further research and science-policy dialogue on the promising nexus amid the SDGs and digitalization.";"Digitalization; Sustainability; Sustainable Development Goals (SDGs); Convergence; Holistic review";Buzz;Buzz;3;1
100;2021;Machine Learning for industrial applications: A comprehensive literature review;Machine Learning (ML) is a branch of artificial intelligence that studies algorithms able to learn autonomously, directly from the input data. Over the last decade, ML techniques have made a huge leap forward, as demonstrated by Deep Learning (DL) algorithms implemented by autonomous driving cars, or by electronic strategy games. Hence, researchers have started to consider ML also for applications within the industrial field, and many works indicate ML as one the main enablers to evolve a traditional manufacturing system up to the Industry 4.0 level. Nonetheless, industrial applications are still few and limited to a small cluster of international companies. This paper deals with these topics, intending to clarify the real potentialities, as well as potential flaws, of ML algorithms applied to operation management. A comprehensive review is presented and organized in a way that should facilitate the orientation of practitioners in this field. To this aim, papers from 2000 to date are categorized in terms of the applied algorithm and application domain, and a keyword analysis is also performed, to details the most promising topics in the field. What emerges is a consistent upward trend in the number of publications, with a spike of interest for unsupervised and especially deep learning techniques, which recorded a very high number of publications in the last five years. Concerning trends, along with consolidated research areas, recent topics that are growing in popularity were also discovered. Among these, the main ones are production planning and control and defect analysis, thus suggesting that in the years to come ML will become pervasive in many fields of operation management.;"Literature review; Industrial applications; Deep Learning; Machine Learning; Operation management";Buzz;Emerging;3;0
101;2022;Applications of Wireless Sensor Networks and Internet of Things Frameworks in the Industry Revolution 4.0: A Systematic Literature Review;The 21st century has seen rapid changes in technology, industry, and social patterns. Most industries have moved towards automation, and human intervention has decreased, which has led to a revolution in industries, named the fourth industrial revolution (Industry 4.0). Industry 4.0 or the fourth industrial revolution (IR 4.0) relies heavily on the Internet of Things (IoT) and wireless sensor networks (WSN). IoT and WSN are used in various control systems, including environmental monitoring, home automation, and chemical/biological attack detection. IoT devices and applications are used to process extracted data from WSN devices and transmit them to remote locations. This systematic literature review offers a wide range of information on Industry 4.0, finds research gaps, and recommends future directions. Seven research questions are addressed in this article: (i) What are the contributions of WSN in IR 4.0? (ii) What are the contributions of IoT in IR 4.0? (iii) What are the types of WSN coverage areas for IR 4.0? (iv) What are the major types of network intruders in WSN and IoT systems? (v) What are the prominent network security attacks in WSN and IoT? (vi) What are the significant issues in IoT and WSN frameworks? and (vii) What are the limitations and research gaps in the existing work? This study mainly focuses on research solutions and new techniques to automate Industry 4.0. In this research, we analyzed over 130 articles from 2014 until 2021. This paper covers several aspects of Industry 4.0, from the designing phase to security needs, from the deployment stage to the classification of the network, the difficulties, challenges, and future directions.;"Internet of Things (IoT); industrial revolution 4.0 (IR 4.0); computer networks; network security; wireless sensor networks (WSN); systematic literature review (SLR); state-of-the-art";Buzz;Buzz;3;1
102;2019;A comprehensive review of big data analytics throughout product lifecycle to support sustainable smart manufacturing: A framework, challenges and future research directions;Smart manufacturing has received increased attention from academia and industry in recent years, as it provides competitive advantage for manufacturing companies making industry more efficient and sustainable. As one of the most important technologies for smart manufacturing, big data analytics can uncover hidden knowledge and other useful information like relations between lifecycle decisions and process parameters helping industrial leaders to make more-informed business decisions in complex management environments. However, according to the literature, big data analytics and smart manufacturing were individually researched in academia and industry. To provide theoretical foundations for the research community to further develop scientific insights in applying big data analytics to smart manufacturing, it is necessary to summarize the existing research progress and weakness. In this paper, through combining the key technologies of smart manufacturing and the idea of ubiquitous servitization in the whole lifecycle, the term of sustainable smart manufacturing was coined. A comprehensive overview of big data in smart manufacturing was conducted, and a conceptual framework was proposed from the perspective of product lifecycle. The proposed framework allows analyzing potential applications and key advantages, and the discussion of current challenges and future research directions provides valuable insights for academia and industry.;"Big data analytics; Smart manufacturing; Servitization; Sustainable production; Conceptual framework; Product lifecycle";Emerging;Mature;2;0
103;2022;Digital twin in smart manufacturing;Digital twin creates the virtual model of physical entity in digital way, promotes the interaction and integration of physical world and information world, and builds a reliable bridge for industrial information integration. With the rapid evolution of digital twin, the application of digital twin has found an increasingly wide utilization in smart manufacturing. In view of the practical problems encountered by the current smart manufacturing enterprises, this paper aims to carry out quantitative green performance evaluation of smart manufacturing (GPEoSM) driven by digital twin-based industrial information integration system. Based on the mapping between entity and model of smart manufacturing projects, the integration of digital twin information and the interaction of GPEoSM approach, a GPEoSM framework is constructed. According to the framework, a green performance evaluation case for smart manufacturing project of an air conditioning enterprise is carried out. The result shows that the digital twin driven GPEoSM framework is effective and enhances the green performance evaluation of smart manufacturing.;"Digital twin; Smart manufacturing; Green performance evaluation; Industrial information integration; Complex networks";Emerging;Mature;2;0
104;2021;What does Industry 4.0 mean to Supply Chain?;The term ‘Industry 4.0’ was coined to mark the fourth industrial revolution, a new paradigm enabled by the introduction of the Internet of Things (IoT) into the production and manufacturing environment. The vision of Industry 4.0 emphasizes the global networks of machines in a smart factory setting capable of autonomously exchanging information and controlling each other. This cyber-physical system allows the smart factory to operate autonomously. For instance, a machine will know the manufacturing process that needs to be applied to a product, what variation to be made to that product etc., so that the product can be uniquely identifiable as an active entity whose configuration and route in the production line is unique. As the collaboration between suppliers, manufacturers and customers is crucial to increase the transparency of all the steps from when the order is dispatched until the end of the life cycle of the product, it is therefore necessary to analyze the impact of Industry 4.0 on the supply chain as a whole.;"Supply chain management; Industry 4.0; Internet of Things; IoT impact";Emerging;Mature;2;0
105;2021;Intelligent fault diagnosis of machinery using digital twin-assisted deep transfer learning;Digital twin (DT) is emerging as a key technology for smart manufacturing. The high fidelity DT model of the physical assets can produce system performance data that is close to reality, which provides remarkable opportunities for machine fault diagnosis when the measured fault condition data are insufficient. This paper presents an intelligent fault diagnosis framework for machinery based on DT and deep transfer learning. First, the DT model of the machine is built by establishing the simulation model and with further updating through continuously measured data from the physical asset. Second, all important machine conditions can be simulated from the built DT. Third, a new-type deep structure based on novel sparse de-noising auto-encoder (NSDAE) is developed and pre-trained with condition data from the source domain, as generated from the DT. Then, to achieve accurate machine fault diagnosis with possible variations in working conditions and system characteristics, the pre-trained NSDAE is fine-tuned using parameter transfer with only one sample from the target domain. The presented method is validated through a case study of triplex pump fault diagnosis. The experimental results demonstrate that the proposed method achieves intelligent fault diagnosis with a limited amount of measured data and outperforms other state-of-the-art data-driven methods.;"Deep transfer learning; Digital twin; Fault diagnosis; Novel sparse de-noising auto-encoder; Deep learning; Fault detection; Machinery; Signal encoding; Autoencoders; Condition; Intelligent fault diagnosis; Machine fault diagnosis; Transfer learning; Failure analysis";Weak;Emerging;1;0
106;2020;Industry 4.0 innovation ecosystems: An evolutionary perspective on value cocreation;Industry 4.0 considers complex interrelated IoT-based technologies for the provision of digital solutions. Such a complexity demands a vast set of capabilities that are hard to be found in a single technology provider, especially for small and medium-sized enterprises (SMEs). Innovation ecosystems allow SMEs to integrate resources and cocreate Industry 4.0 solutions. We aim to understand how such ecosystems can consolidate and evolve, and how value is cocreated within them. We adopt a social exchange perspective to consider the relationships in the ecosystem across six structural dimensions and three lifecycle stages. We analyze eleven years of an ecosystem's evolution using a technology mapping of 87 companies, 37 interviews with stakeholders, and a 2.5-year follow-up of a testbed project conducted by 8 companies. Our final framework shows that the ecosystem's mission shifted from accessing innovation funds to Industry 4.0 solution cocreation and, then, to smart business solutions cocreation. As trust and commitment grew, the power structure shifted from the centrality of business association toward a mechanism of neutral coordination of complex projects involving the university and business associations and, lastly, to a platform-driven ecosystem structure, where key technologies emerged as drivers of relationships among the companies and value cocreation. We also show the changes of reciprocity between actors, as well as in value exchange and expected rewards from the social exchange. Managers can learn how to establish technology development strategies in Industry 4.0 ecosystems, while policymakers can learn how to organize the evolution of such ecosystems.;"Industry 4.0; Innovation ecosystem; Technology providers; SMEs; Value cocreation";Mature;Buzz;4;0
107;2020;Siamese Neural Network Based Few-Shot Learning for Anomaly Detection in Industrial Cyber-Physical Systems;With the increasing population of Industry 4.0, both AI and smart techniques have been applied and become hotly discussed topics in industrial cyber-physical systems (CPS). Intelligent anomaly detection for identifying cyber-physical attacks to guarantee the work efficiency and safety is still a challenging issue, especially when dealing with few labeled data for cyber-physical security protection. In this article, we propose a few-shot learning model with Siamese convolutional neural network (FSL-SCNN), to alleviate the over-fitting issue and enhance the accuracy for intelligent anomaly detection in industrial CPS. A Siamese CNN encoding network is constructed to measure distances of input samples based on their optimized feature representations. A robust cost function design including three specific losses is then proposed to enhance the efficiency of training process. An intelligent anomaly detection algorithm is developed finally. Experiment results based on a fully labeled public dataset and a few labeled dataset demonstrate that our proposed FSL-SCNN can significantly improve false alarm rate (FAR) and F1 scores when detecting intrusion signals for industrial CPS security protection.;"Anomaly detection; security; training; task analysis; feature extraction; analytical models; object recognition";Weak;Weak;1;1
108;2019;Industry 4.0: A bibliometric analysis and detailed overview;With the arrival of Industry 4.0, the overall transformation using digital integration and intelligent engineering has taken a giant leap towards futuristic technology. All devices today are equipped with machine learning, automation has become a priority and thus another industrial revolution is in the making. In this state-of-the-art paper, we have performed bibliometric analysis and an extensive survey on recent developments in the field of “Industry 4.0”. In bibliometric analysis, different performance metrics are extracted, such as: total papers, total citations, and citation per paper. Further, top 10 of the most productive and highly cited authors, major subject areas, sources or journals, countries, and institutions are evaluated. A list of highly influential papers is also assessed. Later on, a detailed discussion of the most cited papers is analysed and a sectional classification is provided. This paper summarizes the growth structure of Industry 4.0 during the last 5 years and provides the concise background overview of Industry 4.0 related works and various application areas.;"Industry 4.0; Bibliometric analysis; Web of Science; Scopus; Bibliometric study";Mature;Mature;4;1
109;2020;Blockchain-Assisted Secure Device Authentication for Cross-Domain Industrial IoT;Industrial Internet of Things (IIoT) is considered as one of the most promising revolutionary technologies to prompt smart manufacturing and increase productivity. With manufacturing being more complicated and sophisticated, an entire manufacturing process usually involves several different administrative IoT domains (e.g., factories). Devices from different domains collaborate on the same task, which raises great security and privacy concerns about device-to-device communications. Existing authentication approaches may result in heavy key management overhead or rely on a trusted third party. Thus, security and privacy issues during communication remain unsolved but imperative. In this paper, we present an efficient block-chain-assisted secure device authentication mechanism BASA for cross-domain IIoT. Specifically, consortium blockchain is introduced to construct trust among different domains. Identity-based signature (IBS) is exploited during the authentication process. To preserve the privacy of devices, we design an identity management mechanism, which can realize that devices being authenticated remain anonymous. Besides, session keys between two parties are negotiated, which can secure the subsequent communications. Extensive experiments have been conducted to show the effectiveness and efficiency of the proposed mechanism.;"Authentication; public key; blockchain; production facilities; privacy";Emerging;Emerging;2;1
110;2021;Blockchain-Enhanced Data Sharing With Traceable and Direct Revocation in IIoT;The industrial Internet of Things (IIoT) supports recent developments in data management and information services, as well as services for smart factories. Nowadays, many mature IIoT cloud platforms are available to serve smart factories. However, due to the semicredibility nature of the IIoT cloud platforms, how to achieve secure storage, access control, information update and deletion for smart factory data, as well as the tracking and revocation of malicious users has become an urgent problem. To solve these problems, in this article, a blockchain-enhanced security access control scheme that supports traceability and revocability has been proposed in IIoT for smart factories. The blockchain first performs unified identity authentication, and stores all public keys, user attribute sets, and revocation list. The system administrator then generates system parameters and issues private keys to users. The domain administrator is responsible for formulating domain security and privacy-protection policies, and performing encryption operations. If the attributes meet the access policies and the user's ID is not in the revocation list, they can obtain the intermediate decryption parameters from the edge/cloud servers. Malicious users can be tracked and revoked during all stages if needed, which ensures the system security under the Decisional Bilinear Diffie-Hellman (DBDH) assumption and can resist multiple attacks. The evaluation has shown that the size of the public/private keys is smaller compared to other schemes, and the overhead time is less for public key generation, data encryption, and data decryption stages.;"Industrial Internet of Things; smart manufacturing; blockchain; security; access control; encryption; cloud computing";Weak;Emerging;1;0
111;2020;The smart factory as a key construct of industry 4.0: A systematic literature review;Industry 4.0 is a ubiquitous term throughout general newspapers, on company websites or in scientific journals. One of its key constructs is the smart factory, envisioned as a future state of a fully connected manufacturing system, mainly operating without human force by generating, transferring, receiving and processing necessary data to conduct all required tasks for producing all kinds of goods. Although the understanding of smart factory concepts has been sharpened in the last years, it is still difficult for industrial companies to establish a concrete strategy roadmap within the jungle of different terminologies, ideas and concepts. To generate further clarity and to consolidate the previous findings around smart factory for researchers as well as for practitioner, we conducted a systematic literature review. For this purpose, we chose a five steps approach: Scope definition, topic conceptualisation, literature search, literature analysis and synthesis, and synthesis of future research questions. During our review, we found that research within each perspective is fragmented and unequally advanced. Most publications treat single use cases with low generalizability, often rely upon machine data, typically have a technical nature and seldom incorporate impact estimations. In this paper, our key academic and practical contribution lies in the categorisation of the selected publications into eight thematic distinct perspectives within the sphere of smart factory: Decision making, cyber-physical systems, data handling, IT infrastructure, digital transformation, human machine interaction, IoT, and cloud manufacturing and services. These are further developed into the smart factory research model, stating a foundation for future research endeavors.;"Smart Factory; Industry 4.0; Data analytics; Lessons learned; Real-world";Buzz;Emerging;3;0
112;2019;Knowledge-driven digital twin manufacturing cell towards intelligent manufacturing;Rapid advances in new generation information technologies, such as big data analytics, internet of things (IoT), edge computing and artificial intelligence, have nowadays driven traditional manufacturing all the way to intelligent manufacturing. Intelligent manufacturing is characterised by autonomy and self-optimisation, which proposes new demands such as learning and cognitive capacities for manufacturing cell, known as the minimum implementation unit for intelligent manufacturing. Consequently, this paper proposes a general framework for knowledge-driven digital twin manufacturing cell (KDTMC) towards intelligent manufacturing, which could support autonomous manufacturing by an intelligent perceiving, simulating, understanding, predicting, optimising and controlling strategy. Three key enabling technologies including digital twin model, dynamic knowledge bases and knowledge-based intelligent skills for supporting the above strategy are analysed, which equip KDTMC with the capacities of self-thinking, self-decision-making, self-execution and self-improving. The implementing methods of KDTMC are also introduced by a thus constructed test bed. Three application examples about intelligent process planning, intelligent production scheduling and production process analysis and dynamic regulation demonstrate the feasibility of KDTMC, which provides a practical insight into the intelligent manufacturing paradigm.;"Intelligent manufacturing; digital twin; dynamic knowledge bases; knowledge-based intelligent skills; digital twin manufacturing cell";Mature;Emerging;4;0
113;2019;A survey of smart product-service systems: Key aspects, challenges and future perspectives;The rapid development of information and communication technologies (ICT) has enabled the prevailing digital transformation (i.e. digitalization), where physical products can be readily digitized in the virtual space and seamlessly interconnected. Meanwhile, industries are ever increasingly adopting service business models (i.e. servitization), so as to offer not only physical products but also services as a solution bundle to meet individual customer needs. Such convergence of both digitalization and servitization (i.e. digital servitization) has triggered an emerging IT-driven business paradigm, smart product-service systems (Smart PSS). As a novel paradigm coined in 2014, to the authors’ knowledge, only 2 conference papers have provided some literature review to date, and many issues remain uncovered or not comprehensively investigated. Aiming to fill this gap, this paper has conducted a systematic review of Smart PSS or related papers published ever since its first brought up to date (30/06/2019), and selected 97 representative items together with other 37 supplementary works to summarize the tendency towards Smart PSS, its business and technical aspects, current challenges, and future perspectives. From the survey, it is found that several hybrid concerns are the key challenges faced, and self-adaptiveness with sustainability, advanced IT infrastructure, human-centric perspectives, and circular lifecycle management are the core future perspectives to explore. It is hoped that this work can attract more open discussions and provide useful insights to both academics and industries in their exploration and implementation of Smart PSS.;"Circular economy; Digitalization; Product-service systems; Review; Servitization; Value co-creation";Emerging;Emerging;2;1
114;2017;Industrial Big Data in an Industry 4.0 Environment: Challenges, Schemes, and Applications for Predictive Maintenance;Industry 4.0 can make a factory smart by applying intelligent information processing approaches, communication systems, future-oriented techniques, and more. However, the high complexity, automation, and flexibility of an intelligent factory bring new challenges to reliability and safety. Industrial big data generated by multisource sensors, intercommunication within the system and external-related information, and so on, might provide new solutions for predictive maintenance to improve system reliability. This paper puts forth attributes of industrial big data processing and actively explores industrial big data processing-based predictive maintenance. A novel framework is proposed for structuring multisource heterogeneous information, characterizing structured data with consideration of the spatiotemporal property, and modeling invisible factors, which would make the production process transparent and eventually implement predictive maintenance on facilities and energy saving in the industry 4.0 era. The effectiveness of the proposed scheme was verified by analyzing multisource heterogeneous industrial data for the remaining life prediction of key components of machining equipment.;"Big data; predictive maintenance; data mining; manufacturing processes; industries; feature extraction; data models";Emerging;Emerging;2;1
115;2017;Fog of Everything: Energy-Efficient Networked Computing Architectures, Research Challenges, and a Case Study;Fog computing (FC) and Internet of Everything (IoE) are two emerging technological paradigms that, to date, have been considered standing-alone. However, because of their complementary features, we expect that their integration can foster a number of computing and network-intensive pervasive applications under the incoming realm of the future Internet. Motivated by this consideration, the goal of this position paper is fivefold. First, we review the technological attributes and platforms proposed in the current literature for the standing-alone FC and IoE paradigms. Second, by leveraging some use cases as illustrative examples, we point out that the integration of the FC and IoE paradigms may give rise to opportunities for new applications in the realms of the IoE, Smart City, Industry 4.0, and Big Data Streaming, while introducing new open issues. Third, we propose a novel technological paradigm, the Fog of Everything (FoE) paradigm, that integrates FC and IoE and then we detail the main building blocks and services of the corresponding technological platform and protocol stack. Fourth, as a proof-of-concept, we present the simulated energy-delay performance of a small-scale FoE prototype, namely, the V-FoE prototype. Afterward, we compare the obtained performance with the corresponding one of a benchmark technological platform, e.g., the V-D2D one. It exploits only device-to-device links to establish inter-thing “ad hoc” communication. Last, we point out the position of the proposed FoE paradigm over a spectrum of seemingly related recent research projects.;"Cloud computing; big data; edge computing; biological system modeling; ecosystems; smart cities";Buzz;Buzz;3;1
116;2019;The internet of things for smart manufacturing: A review;The modern manufacturing industry is investing in new technologies such as the Internet of Things (IoT), big data analytics, cloud computing and cybersecurity to cope with system complexity, increase information visibility, improve production performance, and gain competitive advantages in the global market. These advances are rapidly enabling a new generation of smart manufacturing, i.e., a cyber-physical system tightly integrating manufacturing enterprises in the physical world with virtual enterprises in cyberspace. To a great extent, realizing the full potential of cyber-physical systems depends on the development of new methodologies on the Internet of Manufacturing Things (IoMT) for data-enabled engineering innovations. This article presents a review of the IoT technologies and systems that are the drivers and foundations of data-driven innovations in smart manufacturing. We discuss the evolution of internet from computer networks to human networks to the latest era of smart and connected networks of manufacturing things (e.g., materials, sensors, equipment, people, products, and supply chain). In addition, we present a new framework that leverages IoMT and cloud computing to develop a virtual machine network. We further extend our review to IoMT cybersecurity issues that are of paramount importance to businesses and operations, as well as IoT and smart manufacturing policies that are laid out by governments around the world for the future of smart factory. Finally, we present the challenges and opportunities arising from IoMT. We hope this work will help catalyze more in-depth investigations and multi-disciplinary research efforts to advance IoMT technologies.;"Internet of Manufacturing Things (IoMT); virtual machines; network systems; sensor systems; smart manufacturing; cybersecurity; network science; manufacturing policies; opportunities; challenges";Buzz;Buzz;3;1
117;2019;Digitalisation and intelligent robotics in value chain of circular economy oriented waste management - A review;The general aim of circular economy is the most efficient and comprehensive use of resources. In order to achieve this goal, new approaches of Industry 4.0 are being developed and implemented in the field of waste management. The innovative K-project: Recycling and Recovery of Waste 4.0 - “ReWaste4.0” deals with topics such as digitalisation and the use of robotic technologies in waste management. Here, a summary of the already published results in these areas, which were divided into the four focused topics, is given: Collection and Logistics, Machines and waste treatment plants, Business models and Data Tools. Presented are systems and methods already used in waste management, as well as technologies that have already been successfully applied in other industrial sectors and will also be relevant in the waste management sector for the future. The focus is set on systems that could be used in waste treatment plants or machines in the future in order to make treatment of waste more efficient. In particular, systems which carry out the sorting of (mixed) waste via robotic technologies are of interest. Furthermore “smart bins” with sensors for material detection or level measurement, methods for digital image analysis and new business models have already been developed. The technologies are often based on large amounts of data that can contribute to increase the efficiency within plants. In addition, the results of an online market survey of companies from the waste management industry on the subject of waste management 4.0 or “digital readiness” are summarized.;"Circular economy; Digitalisation; Industry 4.0; Intelligent robotics; Internet of Things (IoT); ReWaste4.0; Smart waste factory; Waste management; Waste treatment";Emerging;Buzz;2;0
118;2021;A physics-informed machine learning approach for solving heat transfer equation in advanced manufacturing and engineering applications;A physics-informed neural network is developed to solve conductive heat transfer partial differential equation (PDE), along with convective heat transfer PDEs as boundary conditions (BCs), in manufacturing and engineering applications where parts are heated in ovens. Since convective coefficients are typically unknown, current analysis approaches based on trial-and-error finite element (FE) simulations are slow. The loss function is defined based on errors to satisfy PDE, BCs and initial condition. An adaptive normalizing scheme is developed to reduce loss terms simultaneously. In addition, theory of heat transfer is used for feature engineering. The predictions for 1D and 2D cases are validated by comparing with FE results. While comparing with theory-agnostic ML methods, it is shown that only by using physics-informed activation functions, the heat transfer beyond the training zone can be accurately predicted. Trained models were successfully used for real-time evaluation of thermal responses of parts subjected to a wide range of convective BCs.;"Physics-informed machine learning; Physics-informed neural networks (PINNs); Heat transfer equation; Advanced manufacturing applications; Partial differential equations (PDEs); Real-time prediction; Feature engineering";Emerging;Emerging;2;1
119;2020;Digital twin-driven rapid reconfiguration of the automated manufacturing system via an open architecture model;Increasing individualization demands in products call for high flexibility in the manufacturing systems to adapt changes. This paper proposes a novel digital twin-driven approach for rapid reconfiguration of automated manufacturing systems. The digital twin comprises two parts, the semi-physical simulation that maps data of the system and provides input data to the second part, which is optimization. The results of the optimization part are fed back to the semi-physical simulation for verification. Open-architecture machine tool (OAMT) is defined and developed as a new class of machine tools comprising a fixed standard platform and various individualized modules that can be added and rapidly swapped. Engineers can flexibly reconfigure the manufacturing system for catering to process planning by integrating personalized modules into its OAMTs. Key enabling techniques, including how to twin cyber and physical system and how to quickly bi-level program the production capacity and functionality of manufacturing systems to adapt rapid changes of products, are detailed. A physical implementation is conducted to verify the effectiveness of the proposed approach to achieving improved system performance while minimizing the overheads of the reconfiguration process by automating and rapidly optimizing it.;"Digital twin; Rapid reconfiguration; Automated manufacturing system; Open architecture; Reconfigurable manufacturing; Cyber-physical system";Emerging;Emerging;2;1
120;2021;Machine learning in manufacturing and industry 4.0 applications;The machine learning (ML) field has deeply impacted the manufacturing industry in the context of the Industry 4.0 paradigm. The industry 4.0 paradigm encourages the usage of smart sensors, devices, and machines, to enable smart factories that continuously collect data pertaining to production. ML techniques enable the generation of actionable intelligence by processing the collected data to increase manufacturing efficiency without significantly changing the required resources. Additionally, the ability of ML techniques to provide predictive insights has enabled discerning complex manufacturing patterns and offers a pathway for an intelligent decision support system in a variety of manufacturing tasks such as intelligent and continuous inspection, predictive maintenance, quality improvement, process optimisation, supply chain management, and task scheduling. While different ML techniques have been used in a variety of manufacturing applications in the past, many open questions and challenges remain, from Big data curation, storage, and understanding, data reasoning to enable real-time actionable intelligence to topics such as edge computing and cybersecurity aspects of smart manufacturing. Hence, this special issue is focused on bringing together a wide range of researchers to report the latest efforts in the fundamental theoretical as well as experimental aspects of ML and their applications in manufacturing and productionsystems.;"Machine learning; Industry 4.0; manufacturing analytics; big data in manufacturing; cloud manufacturing; fault detection";Weak;Buzz;1;0
121;2018;An Edge-Based Architecture to Support Efficient Applications for Healthcare Industry 4.0;"Edge computing paradigm has attracted many interests in the last few years as a valid alternative to the standard cloud-based approaches to reduce the interaction timing and the huge amount of data coming from Internet of Things (IoT) devices toward the Internet. In the next future, Edge-based approaches will be essential to support time-dependent applications in the Industry 4.0 context; thus, the paper proposes BodyEdge, a novel architecture well suited for human-centric applications, in the context of the emerging healthcare industry. It consists of a tiny mobile client module and a performing edge gateway supporting multiradio and multitechnology communication to collect and locally process data coming from different scenarios; moreover, it also exploits the facilities made available from both private and public cloud platforms to guarantee a high flexibility, robustness, and adaptive service level. The advantages of the designed software platform have been evaluated in terms of reduced transmitted data and processing time through a real implementation on different hardware platforms. The conducted study also highlighted the network conditions (data load and processing delay) in which BodyEdge is a valid and inexpensive solution for healthcare application scenarios.";"Cloud computing; medical services; edge computing; computer architecture; logic gates; industries; delays";Emerging;Weak;2;0
122;2020;Blockchain technology: Is it hype or real in the construction industry?;"The dawn of the 21st century has seen the advent of many technologies targeting commercial and financial sectors. These include Big Data, Internet of Things and FinTechs such as blockchain. Blockchain is a type of a distributed database that is used to replicate, share, and synchronise data spread across different geographical locations such as multiple sites, countries, or organisations. The main property of blockchain is that there is no central administrator or centralised data storage mechanism. Consensus algorithms govern the peer-to-peer decentralised network. Numerous benefits and applications of blockchains have resulted in it becoming popular among a broad spectrum of businesses, but is it the case in the construction industry? Given, the backward nature of the construction industry in digitalisation and its reticence to change, it becomes important to analyse the potential impact of Blockchains as a potential disruptive technology.
Although there exists a significant research gap and the potential possibility to test blockchain in the construction sector, the construction industry is historically reported as the second lowest sector to have adopted information technology. This leads to a conundrum whether blockchain is a pure technological hype or whether there is a real potential application in construction. The paper is aimed at critically analysing the application potential of blockchains in construction through a use case analysis and comprehensive literature review to resolve whether it is pure hype or real. The exploration revealed that due to the exponential uses of blockchain, investments involved, and a number of start-up businesses contributing to Industry 4.0, blockchain indeed has a credible potential in the construction industry.";"blockchains (databases); construction industry";Emerging;Weak;2;0
123;2020;Kalman-Filter-Based Integration of IMU and UWB for High-Accuracy Indoor Positioning and Navigation;The emerging Internet of Things (IoT) applications, such as smart manufacturing and smart home, lead to a huge demand on the provisioning of low-cost and high-accuracy positioning and navigation solutions. Inertial measurement unit (IMU) can provide an accurate inertial navigation solution in a short time but its positioning error increases fast with time due to the cumulative error of accelerometer measurement. On the other hand, ultrawideband (UWB) positioning and navigation accuracy will be affected by the actual environment and may lead to uncertain jumps even under line-of-sight (LOS) conditions. Therefore, it is hard to use a standalone positioning and navigation system to achieve high accuracy in indoor environments. In this article, we propose an integrated indoor positioning system (IPS) combining IMU and UWB through the extended Kalman filter (EKF) and unscented Kalman filter (UKF) to improve the robustness and accuracy. We also discuss the relationship between the geometric distribution of the base stations (BSs) and the dilution of precision (DOP) to reasonably deploy the BSs. The simulation results show that the prior information provided by IMU can significantly suppress the observation error of UWB. It is also shown that the integrated positioning and navigation accuracy of IPS significantly improves that of the least squares (LSs) algorithm, which only depends on UWB measurements. Moreover, the proposed algorithm has high computational efficiency and can realize real-time computation on general embedded devices. In addition, two random motion approximation model algorithms are proposed and evaluated in the real environment. The experimental results show that the two algorithms can achieve certain robustness and continuous tracking ability in the actual IPS.;"Navigation; Internet of Things; IP networks; approximation algorithms; distance measurement; Kalman filters; acceleration";Weak;Weak;1;1
124;2019;A Digital-Twin-Assisted Fault Diagnosis Using Deep Transfer Learning;Digital twin is a significant way to achieve smart manufacturing, and provides a new paradigm for fault diagnosis. Traditional data-based fault diagnosis methods mostly assume that the training data and test data are following the same distribution and can acquire sufficient data to train a reliable diagnosis model, which is unrealistic in the dynamic changing production process. In this paper, we present a two-phase digital-twin-assisted fault diagnosis method using deep transfer learning (DFDD), which realizes fault diagnosis both in the development and maintenance phases. At first, the potential problems that are not considered at design time can be discovered through front running the ultra-high-fidelity model in the virtual space, while a deep neural network (DNN)-based diagnosis model will be fully trained. In the second phase, the previously trained diagnosis model can be migrated from the virtual space to physical space using deep transfer learning for real-time monitoring and predictive maintenance. This ensures the accuracy of the diagnosis as well as avoids wasting time and knowledge. A case study about fault diagnosis using DFDD in a car body-side production line is presented. The results show the superiority and feasibility of our proposed method.;"Fault diagnosis; data models; manufacturing; training data; maintenance engineering; predictive models; solid modeling";Emerging;Emerging;2;1
125;2020;Value-Oriented and Ethical Technology Engineering in Industry 5.0: A Human-Centric Perspective for the Design of the Factory of the Future;Although manufacturing companies are currently situated at a transition point in what has been called Industry 4.0, a new revolutionary wave—Industry 5.0—is emerging as an ‘Age of Augmentation’ when the human and machine reconcile and work in perfect symbiosis with one another. Recent years have indeed assisted in drawing attention to the human-centric design of Cyber-Physical Production Systems (CPPS) and to the genesis of the ‘Operator 4.0’, two novel concepts that raise significant ethical questions regarding the impact of technology on workers and society at large. This paper argues that a value-oriented and ethical technology engineering in Industry 5.0 is an urgent and sensitive topic as demonstrated by a survey administered to industry leaders from different companies. The Value Sensitive Design (VSD) approach is proposed as a principled framework to illustrate how technologies enabling human–machine symbiosis in the Factory of the Future can be designed to embody elicited human values and to illustrate actionable steps that engineers and designers can take in their design projects. Use cases based on real solutions and prototypes discuss how a design-for-values approach aids in the investigation and mitigation of ethical issues emerging from the implementation of technological solutions and, hence, support the migration to a symbiotic Factory of the Future.;"Industry 4.0; Industry 5.0; human–machine interaction; Operator 4.0; smart operator; ethics; technology engineering; value sensitive design; smart factory; human factors";Buzz;Buzz;3;1
126;2019;Industry 4.0 and lean manufacturing practices for sustainable organisational performance in Indian manufacturing companies;"The current literature claims the direct effects of industry 4.0 technologies (I4?T) on lean manufacturing practices (LMP) and sustainable organisational performance (SOP). LMP are also found to have a positive influence on SOP. However, the integrated effect of I4?T and LMP on SOP has not been empirically investigated. To address this gap, this research study investigates the indirect effects of I4?T on SOP with LMP as the mediating variable; furthermore, it aims to confirm or not the direct effects of I4?T on LMP and SOP. The study is based on data collected from 205 managers, working in 115 manufacturing firms. The findings suggest significant direct and indirect effects of I4?T on SOP and confirm the presence of LMP as a strong mediating variable. The results of the study extend the literature on I4?T by identifying I4?T as an enabler of LMP, leading to enhancement of the SOP. Implications and future research directions for academicians, practitioners, and consultants are provided.";"Industry 4.0; lean manufacturing; sustainability; organisational performance; manufacturing companies";Buzz;Mature;3;0
127;2021;Improving supply chain resilience through industry 4.0: A systematic literature review under the impressions of the COVID-19 pandemic;The COVID-19 pandemic is one of the most severe supply chain disruptions in history and has challenged practitioners and scholars to improve the resilience of supply chains. Recent technological progress, especially industry 4.0, indicates promising possibilities to mitigate supply chain risks such as the COVID-19 pandemic. However, the literature lacks a comprehensive analysis of the link between industry 4.0 and supply chain resilience. To close this research gap, we present evidence from a systematic literature review, including 62 papers from high-quality journals. Based on a categorization of industry 4.0 enabler technologies and supply chain resilience antecedents, we introduce a holistic framework depicting the relationship between both areas while exploring the current state-of-the-art. To verify industry 4.0’s resilience opportunities in a severe supply chain disruption, we apply our framework to a use case, the COVID-19-affected automotive industry. Overall, our results reveal that big data analytics is particularly suitable for improving supply chain resilience, while other industry 4.0 enabler technologies, including additive manufacturing and cyber-physical systems, still lack proof of effectiveness. Moreover, we demonstrate that visibility and velocity are the resilience antecedents that benefit most from industry 4.0 implementation. We also establish that industry 4.0 holistically supports pre-disruption resilience measures, enabling more effective proactive risk management. Both research and practice can benefit from this study. While scholars may analyze resilience potentials of under-explored enabler technologies, practitioners can use our findings to guide industry 4.0 investment decisions.;"Industry 4.0; supply chain risk management; supply chain resilience; supply chain disruption; digital supply chain; literature review";Emerging;Emerging;2;1
128;2017;Design and application of Internet of things-based warehouse management system for smart logistics;Warehouse operations need to change due to the increasing complexity and variety of customer orders. The demand for real-time data and contextual information is requried because of the highly customised orders, which tend to be of small batch size but with high variety. Since the orders frequently change according to customer requirements, the synchronisation of purchase orders to support production to ensure on-time order fulfilment is of high importance. However, the inefficient and inaccurate order picking process has adverse effects on the order fulfilment. The objective of this paper is to propose an Internet of things (IoT)-based warehouse management system with an advanced data analytical approach using computational intelligence techniques to enable smart logistics for Industry 4.0. Based on the data collected from a case company, the proposed IoT-based WMS shows that the warehouse productivity, picking accuracy and efficiency can be improved and it is robust to order variability.;"Internet of Things; warehouse management system; low–volume, high-mix; Industry 4.0; smart logistics";Emerging;Emerging;2;1
129;2018;Security of smart manufacturing systems;"A revolution in manufacturing systems is underway: substantial recent investment has been directed towards the development of smart manufacturing systems that are able to respond in real time to changes in customer demands, as well as the conditions in the supply chain and in the factory itself. Smart manufacturing is a key component of the broader thrust towards Industry 4.0, and relies on the creation of a bridge between digital and physical environments through Internet of Things (IoT) technologies, coupled with enhancements to those digital environments through greater use of cloud systems, data analytics and machine learning. Whilst these individual technologies have been in development for some time, their integration with industrial systems leads to new challenges as well as potential benefits. In this paper, we explore the challenges faced by those wishing to secure smart manufacturing systems. Lessons from history suggest that where an attempt has been made to retrofit security on systems for which the primary driver was the development of functionality, there are inevitable and costly breaches. Indeed, today's manufacturing systems have started to experience this over the past few years; however, the integration of complex smart manufacturing technologies massively increases the scope for attack from adversaries aiming at industrial espionage and sabotage. The potential outcome of these attacks ranges from economic damage and lost production, through injury and loss of life, to catastrophic nation-wide effects. In this paper, we discuss the security of existing industrial and manufacturing systems, existing vulnerabilities, potential future cyber-attacks, the weaknesses of existing measures, the levels of awareness and preparedness for future security challenges, and why security must play a key role underpinning the development of future smart manufacturing systems.";"Smart manufacturing; sustainable manufacturing; design for manufacturing; Internet of Things; information security; cyber-physical systems";Weak;Mature;1;0
130;2021;Cyber-physical systems architectures for industrial internet of things applications in Industry 4.0: A literature review;The industrial scenario is undergoing exponential changes, mainly due to the different technologies that emerge quickly and the ever increasing demand. As a consequence, the number of processing devices and systems in the industries’ architectures is also increasing. Entities connectivity, physical/virtual joint functioning, interactivity, interoperability, self-organization, smart decision making, among other factors are fundamental to foster Industry 4.0 (I4.0) potential. We believe that Cyber Physical System (CPS) and Industrial Internet of Things (IIoT) will have a major role in the emerging I4.0. In this context, researchers and experts from major factories are exploring these technologies in order to keep up with this digital transformation, developing IIoT systems and CPS architectures capable of connecting network devices from different information and communications technologies (ICT) systems, virtualizing the companies’ assets and integrating them with other manufacturing sectors and companies. This article performs a survey covering the main CPS architecture models available in the industrial environment, emphasizing their key characteristics and technologies, as well as the correlations among them, pointing objectives, advantages and contribution for the IIoT introduction in I4.0. It also provides a literature review covering projects from CPSs and IIoT point-of-view, identifying main technologies employed in current state-of-the-art and how they can meet the I4.0 key features of vertical and horizontal industrial integration. Finally, the article points requirements for current and future challenges, limitations, gaps and necessary changes in the CPS architectures in order to improve and introduce them in the I4.0 scenario.;"Cloud computing; Cyber-physical systems; Industrial Internet of Things (IIoT); Industry 4.0; Service-oriented architecture";Weak;Weak;1;1
131;2019;Augmented reality in support of Industry 4.0-Implementation challenges and success factors;Industrial augmented reality (AR) is an integral part of Industry 4.0 concepts, as it enables workers to access digital information and overlay that information with the physical world. While not being broadly adopted in some applications, the compound annual growth rate of the industrial AR market is projected to grow rapidly. Hence, it is important to understand the issues arising from implementation of AR in industry. This study identifies critical success factors and challenges for industrial AR implementation projects, based on an industry survey. The broadly used technology, organisation, environment (TOE) framework is used as a theoretical basis for the quantitative part of the questionnaire. A complementary qualitative part is used to underpin and extend the findings. It is found that, while technological aspects are of importance, organisational issues are more relevant for industry, which has not been reflected to the same extent in literature.;"Augmented reality (AR); Industry 4.0; Implementation challenges; Success factors; Industrial adoption";Emerging;Emerging;2;1
132;2021;Smart Manufacturing and Intelligent Manufacturing: A Comparative Review;The application of intelligence to manufacturing has emerged as a compelling topic for researchers and industries around the world. However, different terminologies, namely smart manufacturing (SM) and intelligent manufacturing (IM), have been applied to what may be broadly characterized as a similar paradigm by some researchers and practitioners. While SM and IM are similar, they are not identical. From an evolutionary perspective, there has been little consideration on whether the definition, thought, connotation, and technical development of the concepts of SM or IM are consistent in the literature. To address this gap, the work performs a qualitative and quantitative investigation of research literature to systematically compare inherent differences of SM and IM and clarify the relationship between SM and IM. A bibliometric analysis of publication sources, annual publication numbers, keyword frequency, and top regions of research and development establishes the scope and trends of the currently presented research. Critical topics discussed include origin, definitions, evolutionary path, and key technologies of SM and IM. The implementation architecture, standards, and national focus are also discussed. In this work, a basis to understand SM and IM is provided, which is increasingly important because the trend to merge both terminologies rises in Industry 4.0 as intelligence is being rapidly applied to modern manufacturing and human–cyber–physical systems.;"Smart manufacturing; intelligent manufacturing; Industry 4.0; human–cyber–physical system (HCPS)";Buzz;Mature;3;0
133;2020;A Blockchained Federated Learning Framework for Cognitive Computing in Industry 4.0 Networks;Cognitive computing, a revolutionary AI concept emulating human brain's reasoning process, is progressively flourishing in the Industry 4.0 automation. With the advancement of various AI and machine learning technologies the evolution toward improved decision making as well as data-driven intelligent manufacturing has already been evident. However, several emerging issues, including the poisoning attacks, performance, and inadequate data resources, etc., have to be resolved. Recent research works studied the problem lightly, which often leads to unreliable performance, inefficiency, and privacy leakage. In this article, we developed a decentralized paradigm for big data-driven cognitive computing (D2C), using federated learning and blockchain jointly. Federated learning can solve the problem of “data island” with privacy protection and efficient processing while blockchain provides incentive mechanism, fully decentralized fashion, and robust against poisoning attacks. Using blockchain-enabled federated learning help quick convergence with advanced verifications and member selections. Extensive evaluation and assessment findings demonstrate D2C's effectiveness relative to existing leading designs and models.;"Cognitive systems; industries; computational modeling; data privacy; privacy; blockchains; collaboration";Emerging;Emerging;2;1
134;2021;Digital Twin for 5G and Beyond;Although many countries have started the initial phase of rolling out 5G, it is still in its infancy with researchers from both academia and industry facing the challenges of developing it to its full potential. With the support of artificial intelligence, development of digital transformation through the notion of a digital twin has been taking off in many industries such as smart manufacturing, oil and gas, construction, bio-engineering, and automotive. However, digital twins remain relatively new for 5G/6G networks, despite the obvious potential in helping develop and deploy the complex 5G environment. This article looks into these topics and discusses how digital twin could be a powerful tool to fulfill the potential of 5G networks and beyond.;"5G mobile communication; digital twin; 6G mobile communication; research and development; smart manufacturing";Weak;Buzz;1;0
135;2019;Advances and opportunities in machine learning for process data analytics;In this paper we introduce the current thrust of development in machine learning and artificial intelligence, fueled by advances in statistical learning theory over the last 20 years and commercial successes by leading big data companies. Then we discuss the characteristics of process manufacturing systems and briefly review the data analytics research and development in the last three decades. We give three attributes for process data analytics to make machine learning techniques applicable in the process industries. Next we provide a perspective on the currently active topics in machine learning that could be opportunities for process data analytics research and development. Finally we address the importance of a data analytics culture. Issues discussed range from technology development to workforce education and from government initiatives to curriculum enhancement.;"Process data analytics; Machine learning; Neural networks; Latent variable methods; Industry 4.0; Artificial intelligence";Weak;Mature;1;0
136;2021;To identify industry 4.0 and circular economy adoption barriers in the agriculture supply chain by using ISM-ANP;With increasing globalization and digitalization, agricultural organizations have started changing their business processes. Agri-organization has begun to adopt technologies to get a more sophisticated, customer-centric, and sustainable supply chain. Although the introduction of interconnected new technologies and the concept of circular economy (CE) present numerous challenges, it has proved its value in the industrial sector to achieve a sustainability target. This study identifies Industry 4.0 (I4.0) and CE adoption barriers in the agriculture supply chain (ASC) in India. The study was extended to ascertain the contextual relationship among the barriers and to prioritize them with respect to one another. The 11 barriers with their key elements were enlisted after thorough literature analysis and interaction with experts. The barriers were modeled through an integrated ISM-ANP approach. The study indicates that lack of government support and incentives and lack of policies and protocols are significant obstacles to implementing the I4.0-CE model. The findings of the current research work will be beneficial for the agri supply chain stakeholders in preparing the strategic deployment of I4.0-CE.;"Industry 4.0 adoption barriers; Circular economy; Agriculture supply chain; Interpretive Structural Modeling (ISM); Analytical Network Process (ANP); Sustainability challenges";Weak;Buzz;1;0
137;2021;Emerging research fields in safety and ergonomics in industrial collaborative robotics: A systematic literature review;Human–robot collaboration is a main technology of Industry 4.0 and is currently changing the shop floor of manufacturing companies. Collaborative robots are innovative industrial technologies introduced to help operators to perform manual activities in so called cyber-physical production systems and combine human inimitable abilities with smart machines strengths. Occupational health and safety criteria are of crucial importance in the implementation of collaborative robotics. Therefore, it is necessary to assess the state of the art for the design of safe and ergonomic collaborative robotic workcells. Emerging research fields beyond the state of the art are also of special interest. To achieve this goal this paper uses a systematic literature review methodology to review recent technical scientific bibliography and to identify current and future research fields. Main research themes addressed in the recent scientific literature regarding safety and ergonomics (or human factors) for industrial collaborative robotics were identified and categorized. The emerging research challenges and research fields were identified and analyzed based on the development of publications over time (annual growth).;"Industry 4.0; collaborative robots; human–robot collaboration; safety; ergonomics; human factors; systematic literature review";Weak;Emerging;1;0
138;2017;Blockchain Technology Innovations;"Digital world has produced efficiencies, new innovative products, and close customer relationships globally by the effective use of mobile, IoT (Internet of Things), social media, analytics and cloud technology to generate models for better decisions. Blockchain is recently introduced and revolutionizing the digital world bringing a new perspective to security, resiliency and efficiency of systems. While initially popularized by Bitcoin, Blockchain is much more than a foundation for crypto currency. It offers a secure way to exchange any kind of good, service, or transaction. Industrial growth increasingly depends on trusted partnerships; but increasing regulation, cybercrime and fraud are inhibiting expansion. To address these challenges, Blockchain will enable more agile value chains, faster product innovations, closer customer relationships, and quicker integration with the IoT and cloud technology. Further Blockchain provides a lower cost of trade with a trusted contract monitored without intervention from third parties who may not add direct value. It facilitates smart contracts, engagements, and agreements with inherent, robust cyber security features. This paper is an effort to break the ground for presenting and demonstrating the use of Blockchain technology in multiple industrial applications. A healthcare industry application, Healthchain, is formalized and developed on the foundation of Blockchain using IBM Blockchain initiative. The concepts are transferable to a wide range of industries as finance, government and manufacturing where security, scalability and efficiency must meet.";"Bitcoin; medical services; standards; cloud computing; ethics";Emerging;Emerging;2;1
139;2017;Internet of Things, Big Data, Industry 4.0-Innovative Solutions in Logistics and Supply Chains Management;The aim of this article is to present some ‘smart’ solutions which could be recognised as innovative solutions in both areas: technology and organisation. The above mentioned solutions could be implemented by logistics which, in the era of globalization, plays a very important role. This applies not only to functioning of individual companies, but also to national economies and even the world economy. The phenomenon of competition can now be observed not just in individual companies but in entire supply chains. The pace of development of the modern economy means that companies are forced to constantly introduce more and more new solutions, resulting in innovation driving the progress of the market. This article is a part of research, which considers the problem of implementation of IT solutions logistics.;"Internet of Things; big data; Industry 4.0; innovative solutions; logistics";Emerging;Weak;2;0
140;2021;Predictive maintenance system for production lines in manufacturing: A machine learning approach using IoT data in real-time;In this study, a data driven predictive maintenance system was developed for production lines in manufacturing. By utilizing the data generated from IoT sensors in real-time, the system aims to detect signals for potential failures before they occur by using machine learning methods. Consequently, it helps address the issues by notifying operators early such that preventive actions can be taken prior to a production stop. In current study, the effectiveness of the system was also assessed using real-world manufacturing system IoT data. The evaluation results indicated that the predictive maintenance system was successful in identifying the indicators of potential failures and it can help prevent some production stops from happening. The findings of comparative evaluations of machine learning algorithms indicated that models of Random Forest, a bagging ensemble algorithm, and XGBoost, a boosting method, appeared to outperform the individual algorithms in the assessment. The best performing machine learning models in this study have been integrated into the production system in the factory.;"Predictive maintenance; Internet of Things (IoT); Manufacturing systems; Artificial intelligence; Machine learning; Big data; Industry 4.0; Anomaly detection; Analytics";Buzz;Mature;3;0
141;2019;Identification of critical success factors, risks and opportunities of Industry 4.0 in SMEs;SMEs, as prominent actors in industry, must meet more and more complex customer expectations. Recently, the concept of Industry 4.0 has emerged. This new approach enables the control of production processes by providing real-time synchronisation of flows and by enabling the production of unitary and customised products. Our research goal is to identify Industry 4.0 risks, opportunities and critical success factors with regards to the industrial performance of SMEs. The recent emergence of Industry 4.0 and the inherent difficulty of identifying detailed examples has not yet enabled a satisfactory statistical study to be conducted on Industry 4.0 cases in SMEs. To reach our research goal, we selected 12 experts to conduct a Delphi study supplemented by Régnier’s abacuses. Our study demonstrates that the major risks facing the adoption of Industry 4.0 in SMEs include a lack of expertise and a short-term strategy mindset. Our research also indicates that training is the most important factor for success, that managers have a prominent role in the success and/or failure of an Industry 4.0 project, and that SMEs should be supported by external experts. Lastly, Industry 4.0 offers a unique opportunity to redesign SME production processes and to adopt new business models.;"Industry 4.0; Delphi; Régnier abacus; SME";Weak;Emerging;1;0
142;2021;Digital twin-based designing of the configuration, motion, control, and optimization model of a flow-type smart manufacturing system;Digital twins can achieve hardware-in-the-loop simulation of both physical equipment and cyber model, which could be used to avoid the considerable cost of manufacturing system reconfiguration if the design deficiencies are found in the deployment process of the traditional irreversible design approach. Based on the digital twin technology, a quad-play CMCO (i.e., Configuration design-Motion planning-Control development-Optimization decoupling) design architecture is put forward for the design of the flow-type smart manufacturing system in the Industry 4.0 context. The iteration logic of the CMCO design model is expounded. Two key enabling technologies for enabling the customized and software-defined design of flow-type smart manufacturing systems are presented, including the generalized encapsulation of the quad-play CMCO model and the digital twin technique. A prototype of a digital twin-based manufacturing system design platform, named Digital Twin System, is presented based on the CMCO model. The digital twin-based design platform is verified with a case study of the hollow glass smart manufacturing system. The result shows that the Digital Twin System-based design approach is feasible and efficient.;"Digital twin; Smart manufacturing; Configuration design; Motion control; Optimization; Flow-type manufacturing system; Cyber-physical systems; Internet of Things (IoT)";Emerging;Emerging;2;1
143;2021;A survey on attack detection, estimation and control of industrial cyber-physical systems;Cyber–physical systems (CPSs) are complex systems that involve technologies such as control, communication, and computing. Nowadays, CPSs have a wide range of applications in smart cities, smart grids, smart manufacturing and intelligent transportation. However, with integration of industrial control systems with modern communication technologies, CPSs would be inevitably exposed to increasing security threats, which could lead to severe degradation of the system performance and even destruction of CPSs. This paper presents a survey on recent advances on security issues of industrial cyber–physical systems (ICPSs). We specifically discuss two typical kinds of attacks, i.e., Denial-of-Service (DoS) attack and Deception attack, and present recent results in terms of attack detection, estimation, and control of ICPSs. Classifications of current studies are analyzed and summarized based on different system modeling and analysis methods. In addition, advantages and disadvantage of various methodologies are also discussed. Finally, the paper concludes with some potential future research directions on secure ICPSs.;"Attack detection; Cyber–physical systems; Deception attack; DoS attack; Secure control; Secure estimation";Weak;Mature;1;0
144;2018;Digital Twin Service towards Smart Manufacturing;Digital twin provides an effective way for the cyber-physical integration of manufacturing. Meanwhile, smart manufacturing services could optimize the entire business processes and operation procedure of manufacturing, to achieve a new higher level of productivity. The combination of smart manufacturing services and digital twin would radically change product design, manufacturing, usage, MRO and other processes. Combined with the services, the digital twin will generate more reasonable manufacturing planning and precise production control to help achieve smart manufacturing, through the two-way connectivity between the virtual and physical worlds of manufacturing. This paper specifies and highlights how manufacturing services and digital twin are converged together and the various components of digital twin are used by manufacturers in the form of services.;"Digital twin; manufacturing services; smart manufacturing; cyber-physical integration";Emerging;Emerging;2;1
145;2019;Impacts of Industry 4.0 technologies on Lean principles;Industry 4.0 is increasingly being promoted as the key to improving productivity, promoting economic growth and ensuring the sustainability of manufacturing companies. On the other hand, many companies have already partially or fully implemented principles and tools from the Lean management approach, which is also aimed at improving productivity. While the two approaches use very different strategies, they share some common principles. The objective of this article is to highlight the links between the principles and tools proposed by Industry 4.0 and those proposed by the Lean management approach, with a particular focus on how some of Industry 4.0's technologies are improving the implementation of Lean principles, depending on the technologies’ capability levels. As such, this study aims to provide a characterisation of the impacts of Industry 4.0 technologies on Lean principles according to targeted capability levels. The results obtained show strong support for Industry 4.0 technologies for Just-in-time and Jidoka, but little or no support for waste reduction and People and Team work. There is, therefore, a clear need to pursue the deployment of Lean management while improving certain Lean principles using Industry 4.0 technologies.;"Industry 4.0; lean management; capability levels";Emerging;Buzz;2;0
146;2020;Intelligent welding system technologies: State-of-the-art review and perspectives;Welding systems are being transformed by the advent of modern information technologies such as the internet of things, big data, artificial intelligence, cloud computing, and intelligent manufacturing. Intelligent welding systems (IWS), making use of these technologies, are drawing attention from academic and industrial communities. Intelligent welding is the use of computers to mimic, strengthen, and/or replace human operators in sensing, learning, decision-making, monitoring and control, etc. This is accomplished by integrating the advantages of humans and physical systems into intelligent cyber systems. While intelligent welding has found pilot applications in industry, a systematic analysis of its components, applications, and future directions will help provide a unified definition of intelligent welding systems. This paper examines fundamental components and techniques necessary to make welding systems intelligent, including sensing and signal processing, feature extraction and selection, modeling, decision-making, and learning. Emerging technologies and their application potential to IWS will also be surveyed, including Industry 4.0, cyber-physical system (CPS), digital twins, etc. Typical applications in IWS will be surveyed, including weld design, task sequencing, robot path planning, robot programming, process monitoring and diagnosis, prediction, process control, quality inspection and assessment, human-robot collaboration, and virtual welding. Finally, conclusions and suggestions for future development will be proposed. This review is intended to provide a reference of the state-of-the-art for those seeking to introduce intelligent welding capabilities as they modernize their traditional welding stations, systems, and factories.;"Intelligent welding; Artificial intelligence (AI); Intelligent manufacturing; Robotic welding; Monitoring and control; Machine learning";Buzz;Emerging;3;0
147;2020;Review of tool condition monitoring in machining and opportunities for deep learning;Tool condition monitoring and machine tool diagnostics are performed using advanced sensors and computational intelligence to predict and avoid adverse conditions for cutting tools and machinery. Undesirable conditions during machining cause chatter, tool wear, and tool breakage, directly affecting the tool life and consequently the surface quality, dimensional accuracy of the machined parts, and tool costs. Tool condition monitoring is, therefore, extremely important for manufacturing efficiency and economics. Acoustic emission, vibration, power, and temperature sensors monitor the stability and efficiency of the machining process, collecting large amounts of data to detect tool wear, breakage, and chatter. Studies on monitoring the vibrations and acoustic emissions from machine tools have provided information and data regarding the detection of undesirable conditions. Herein, studies on tool condition monitoring are reviewed and classified. As Industry 4.0 penetrates all manufacturing sectors, the amount of manufacturing data generated has reached the level of big data, and classical artificial intelligence analyses are no longer adequate. Nevertheless, recent advances in deep learning methods have achieved revolutionary success in numerous industries. Deep multi-layer perceptron (DMLP), long-short-term memory (LSTM), convolutional neural network (CNN), and deep reinforcement learning (DRL) are among the most preferred methods of deep learning in recent years. As data size increases, these methods have shown promising performance improvement in prediction and learning, compared to classical artificial intelligence methods. This paper summarizes tool condition monitoring first, then presents the underlying theory of some of the most recent deep learning methods, and finally, attempts to identify new opportunities in tool condition monitoring, toward the realization of Industry 4.0.;"Tool condition monitoring; machining; Industry 4.0; deep multi-layer perceptron; long short-term memory; convolutional neural network; reinforcement learning";Weak;Emerging;1;0
148;2019;A review of emerging industry 4.0 technologies in remanufacturing;This paper reviews the literature on the emerging digital technologies of Industry 4.0 (I4.0) focussed on the applicability of the Internet of Things (IoT), Virtual Reality (VR) and Augmented Reality (AR) in remanufacturing. Inspired by the frameworks developed to support exploration and realisation of I4.0 technologies for disassembly, the paper discusses the same emerging technologies in the wider context of remanufacturing. Trends and gaps have been identified from a value-creation perspective that encompasses the product to be remanufactured, the remanufacturing equipment and processes adopted and related organisation issues. Findings suggest there is a need to explore the connection of cyber-physical systems to the IoT to support smart remanufacturing, whilst aligning with evolving information and communication infrastructures and circular economy business models. The review highlights twenty-nine research topics that require attention to support this field.;"Industry 4.0; Internet of Things (IoT); Virtual Reality (VR); Augmented Reality (AR); Cyber-physical systems; Smart remanufacturing; Circular economy";Emerging;Emerging;2;1
149;2020;Application of industry 4.0 technologies in SMEs for ethical and sustainable operations: Analysis of challenges;"In the era of Industry 4.0 and circular economy, small and medium enterprises (SMEs) are under huge pressure to make their manufacturing operations ethical and sustainable. Business with ethical and sustainable operations has become the need of the day in the present environment of Industry 4.0 and circular economy. It has been observed that the application of Industry 4.0 technologies may help in achieving the goal of ethical and sustainable operations. Although a lot of research has been done in context to larger enterprises, limited research is available on the application of Industry 4.0 technologies in SMEs for ethical and sustainable operations.
The espousal of Industry 4.0 technologies is a challenging task for SMEs due to various operational and financial constraints. The problem is more acute, specifically in context to developing countries like India. Keeping in mind the role of technologies in ethical business and circular economy, we have identified fifteen challenges, impacting the application of Industry 4.0 technologies in SMEs. A questionnaire was designed for collecting the response from industry and academic experts. On the collected data, the DEMATEL approach has been applied to check the degree of influence and interrelationship among challenges. It has also helped in the categorization of factors as cause and effect. Sensitivity analysis is also performed to validate the results obtained from the DEMATEL approach. Authors have observed that lack of motivation from partners and customers on the application of I4.0 technologies is the leading challenge. Fear of failure of I4.0 technologies is the main effect group challenge. The findings of the study will help SMEs in formulating strategies for implementing Industry 4.0 technologies for ethical and sustainable business processes.";"Industry 4.0; SMEs; challenges; DEMATEL; ethical and sustainable business; circular economy";Buzz;Buzz;3;1
150;2021;Industrial Internet of Things and its Applications in Industry 4.0: State of The Art;Industrial Internet of Things (IIoT) is a convincing stage by interfacing different sensors around us to the Internet, giving incredible chances for the acknowledgment of brilliant living. It is a fast growing technology in the present scenario. IIoT has its effect on almost every advanced field in the society. It has impact not only on work, but also on the living style of individual and organization. Due to high availability of internet, the connecting cost is decreasing and more advanced systems has been developed with Wi-Fi capabilities. The concept of connecting any device with internet is “IIoT”, which is becoming new rule for the future. This manuscript discusses about the applications of Internet of Things in different areas like — automotive industries, embedded devices, environment monitoring, agriculture, construction, smart grid, health care, etc. A regressive review of the existing systems of the automotive industry, emergency response, and chain management on IIoT has been carried out, and it is observed that IIoT found its place almost in every field of technology.;"Industrial Internet of Things (IIoT); Industry 4.0; IoT applications; Smart manufacturing; Connectivity; Real-time systems; Security; Interoperability";Buzz;Mature;3;0
151;2020;Augmented reality in support of intelligent manufacturing - A systematic literature review;Industry increasingly moves towards digitally enabled ‘smart factories’ that utilise the internet of things (IoT) to realise intelligent manufacturing concepts like predictive maintenance or extensive machine to machine communication. A core technology to facilitate human integration in such a system is augmented reality (AR), which provides people with an interface to interact with the digital world of a smart factory. While AR is not ready yet for industrial deployment in some areas, it is already used in others. To provide an overview of research activities concerning AR in certain shop floor operations, a total of 96 relevant papers from 2011 to 2018 are reviewed. This paper presents the state of the art, the current challenges, and future directions of manufacturing related AR research through a systematic literature review and a citation network analysis. The results of this review indicate that the context of research concerning AR gets increasingly broader, especially by addressing challenges when implementing AR solutions.;"Augmented Reality (AR); Intelligent manufacturing; Systematic literature review; Challenges; Technology; Visualisation; Cyber-physical systems; Industry 4.0; Internet of Things (IoT); Smart factory; Industrial digitalisation";Buzz;Mature;3;0
152;2018;Adaptive Transmission Optimization in SDN-Based Industrial Internet of Things With Edge Computing;In recent years, smart factory in the context of Industry 4.0 and industrial Internet of Things (IIoT) has become a hot topic for both academia and industry. In IIoT system, there is an increasing requirement for exchange of data with different delay flows among different smart devices. However, there are few studies on this topic. To overcome the limitations of traditional methods and address the problem, we seriously consider the incorporation of global centralized software defined network (SDN) and edge computing (EC) in IIoT with EC. We propose the adaptive transmission architecture with SDN and EC for IIoT. Then, according to data streams with different latency constrains, the requirements can be divided into two groups: 1) ordinary and 2) emergent stream. In the low-deadline situation, a coarse-grained transmission path algorithm provided by finding all paths that meet the time constrains in hierarchical Internet of Things (IoT). After that, by employing the path difference degree (PDD), an optimum routing path is selected considering the aggregation of time deadline, traffic load balances, and energy consumption. In the high-deadline situation, if the coarse-grained strategy is beyond the situation, a fine-grained scheme is adopted to establish an effective transmission path by an adaptive power method for getting low latency. Finally, the performance of proposed strategy is evaluated by simulation. The results demonstrate that the proposed scheme outperforms the related methods in terms of average time delay, goodput, throughput, PDD, and download time. Thus, the proposed method provides better solution for IIoT data transmission.;"Edge computing; data communication; Internet of Things; routing; software defined networking; computer architecture; adaptive systems";Emerging;Buzz;2;0
153;2020;Industrial Artificial Intelligence in Industry 4.0-Systematic Review, Challenges and Outlook;The advent of the Industry 4.0 initiative has made it so that manufacturing environments are becoming more and more dynamic, connected but also inherently more complex, with additional inter-dependencies, uncertainties and large volumes of data being generated. Recent advances in Industrial Artificial Intelligence have showcased the potential of this technology to assist manufacturers in tackling the challenges associated with this digital transformation of Cyber-Physical Systems, through its data-driven predictive analytics and capacity to assist decision-making in highly complex, non-linear and often multistage environments. However, the industrial adoption of such solutions is still relatively low beyond the experimental pilot stage, as real environments provide unique and difficult challenges for which organizations are still unprepared. The aim of this paper is thus two-fold. First, a systematic review of current Industrial Artificial Intelligence literature is presented, focusing on its application in real manufacturing environments to identify the main enabling technologies and core design principles. Then, a set of key challenges and opportunities to be addressed by future research efforts are formulated along with a conceptual framework to bridge the gap between research in this field and the manufacturing industry, with the goal of promoting industrial adoption through a successful transition towards a digitized and data-driven company-wide culture. This paper is among the first to provide a clear definition and holistic view of Industrial Artificial Intelligence in the Industry 4.0 landscape, identifying and analysing its fundamental building blocks and ongoing trends. Its findings are expected to assist and empower researchers and manufacturers alike to better understand the requirements and steps necessary for a successful transition into Industry 4.0 supported by AI, as well as the challenges that may arise during this process.;"Artificial intelligence; industries; robots; systematics; manufacturing; decision making; service robots";Buzz;Emerging;3;0
154;2018;Assessing challenges for implementing Industry 4.0: Implications for process safety and environmental protection;Researchers and practitioners are giving significant attention to Industry 4.0 due to its numerous benefits to manufacturing organizations. Several aspects of Industry 4.0 have been studied in the literature. However, studies on the challenges for implementing Industry 4.0 in manufacturing operations have received less attention. To address this gap, this study identifies a set of challenges (framework) for implementing Industry 4.0 in manufacturing industries. This framework is evaluated in the leather industry of Bangladesh aided by a novel multi-criteria decision-making method named Best-Worst method (BWM). The findings of the study showed that ‘lack of technological infrastructure’ is the most pressing challenge that may hurdle the implementation of Industry 4.0 whereas ‘environmental side-effects’ is the less among the challenges that may hinder implementation of Industry 4.0 in the Bangladeshi leather industry. This result may help decision makers, industrial managers and practitioners in the Bangladeshi leather industry to realize the actual challenges confronting them when attempting to implement Industry 4.0 and focus their attention on how to address these challenges to pave ways for a successful implementation of Industry 4.0.;"Industry 4.0; Implementation challenges; Process safety; Environmental protection; Technological infrastructure; Data security";Mature;Buzz;4;0
155;2019;Linking big data analytics and operational sustainability practices for sustainable business management;Big data analytics is becoming very popular concept in academia as well as in industry. It has come up with new decision tools to design data-driven supply chains. The manufacturing industry is under huge pressure to integrate sustainable practices into their overall business for sustainbale operations management. The purpose of this study is to analyse the predictors of sustainable business performance through big data analytics in the context of developing countries. Data was collected from manufacturing firms those have adopted sustainable practices. A hybrid Structural Equation Modelling - Artificial Neural Network model is used to analyse 316 responses of Indian professional experts. Factor analysis results shows that management and leadership style, state and central-government policy, supplier integration, internal business process, and customer integration have a significant influence on big data analytics and sustainability practices. Furthermore, the results obtained from structural equation modelling were feed as input to the artificial neural network model. The study findings shows that management and leadership style, state and central-government policy as the two most important predictors of big data analytics and sustainability practices. The results provide unique insights into manufacturing firms to improve their sustainable business performance from an operations management viewpoint. The study provides theoretical and practical insights into big data implementation issues in accomplishing sustainability practices in business organisations of emerging economies.;"Big data analytics; Operational sustainability; Sustainable business management; Sustainable operations management; Predictors of sustainable performance; Emerging economies";Mature;Mature;4;1
156;2021;Key resources for industry 4.0 adoption and its effect on sustainable production and circular economy: An empirical study;"Developing countries like South Africa is aiming to be a nation that has fully harnessed the potential of Industry 4.0 technological innovation to grow the economy and uplift people of the country. The country has motivated manufactures to focus on smart manufacturing considering the sustainable development aspects to develop circular economy capabilities. However, manufacturers are facing various resource related challenges, which has slowed down the progress of Industry 4.0 adoption. This study aspires to develop a theoretical model linking key resources for Industry 4.0 adoption that are essential to drive technological progress; and its effect on sustainable production and circular economy capabilities. The review of literature led to the identification of thirty-five resources that are essential for the adoption of Industry 4.0. Further, exploratory factor analysis was used to group the variables under relevant factors and thereafter research team developed a theoretical model that was further tested using PLS-SEM technique. Research findings indicate that production systems, human resources, project management, management leadership, green logistics, green design, information technology, big data analytics and collaborative relationships are key resources for Industry 4.0 adoption; second, Industry 4.0 adoption have a positive relationship with sustainable production and finally, sustainable production has a positive relationship with circular economy capabilities. The study concludes with theoretical and practical implications.";"Industry 4.0; Sustainable production; Circular economy; Key resources; Big data analytics; Information technology; Human resources; Green logistics; Collaborative relationships";Mature;Buzz;4;0
157;2018;Defining and assessing industry 4.0 maturity levels - case of the defence sector;Firms do not currently fully appreciate the complex characteristics of Industry 4.0 and as a result are uncertain about what it represents for them. In this study, an assessment model is developed to measure the level of implementation of Industry 4.0 technologies, around three dimensions: ‘Factory of the Future’, ‘People and Culture’, and ‘Strategy’. The ‘Factory of the Future’ is the main dimension and is composed of eight attributes: Additive Manufacturing, Cloud, Manufacturing Execution System, Internet of Things and Cyber Physical Systems, Big Data, Sensors, e-Value Chains, and Autonomous Robots. The study uses a defence manufacturing firm to develop, test and validate the model and report on 12 partners. We concluded that the focal firm has an Industry 4.0 maturity level of 59.35, above the sector average of 55.58. This research contributes by empirically developing a model and providing an analysis of major firms in the Defence supply network.;Industry 4.0maturity assessmentdefence sector;Mature;Mature;4;1
158;2020;Adaptive Federated Learning and Digital Twin for Industrial Internet of Things;Industrial Internet of Things (IoT) enables distributed intelligent services varying with the dynamic and realtime industrial environment to achieve Industry 4.0 benefits. In this article, we consider a new architecture of digital twin (DT) empowered Industrial IoT, where DTs capture the characteristics of industrial devices to assist federated learning. Noticing that DTs may bring estimation deviations from the actual value of device state, a trusted-based aggregation is proposed in federated learning to alleviate the effects of such deviation. We adaptively adjust the aggregation frequency of federated learning based on Lyapunov dynamic deficit queue and deep reinforcement learning (DRL), to improve the learning performance under the resource constraints. To further adapt to the heterogeneity of industrial IoT, a clustering-based asynchronous federated learning framework is proposed. Numerical results show that the proposed framework is superior to the benchmark in terms of learning accuracy, convergence, and energy saving.;"Training; data models; computer architecture; convergence; collaboration; digital twins";Weak;Emerging;1;0
159;2018;Data-Driven Monitoring and Safety Control of Industrial Cyber-Physical System: Basics and Beyond;Industrial cyber-physical systems (ICPSs) are the backbones of Industry 4.0 and as such, have become a core transdisciplinary area of research, both in industry and academia. New challenges brought about by the growing scale and complexity of systems, insufficient information exchange, and the exploitation of knowledge available have started threatening the overall system safety and stability. This work is motivated by these challenges and the strategic and practical demands of developing ICPSs for safety critical systems such as the intelligent factory and the smart grid. It investigates the current status of research in ICPS monitoring and control, and reviews the recent advances in monitoring, fault diagnosis, and control approaches based on data-driven realization, which can take full advantage of the abundant data available from past observations and those collected online in realtime. The practical requirements in the typical ICPS applications are summarized as the major issues to be addressed for the monitoring and the safety control tasks. The key challenges and the research directions are proposed as references to the future work.;"Monitoring; sensors; iterative closest point algorithm; observers; smart grids; fault diagnosis; cyber-physical systems";Emerging;Mature;2;0
160;;High-Reliability and Low-Latency Wireless Communication for Internet of Things: Challenges, Fundamentals, and Enabling Technologies;As one of the key enabling technologies of emerging smart societies and industries (i.e., industry 4.0), the Internet of Things (IoT) has evolved significantly in both technologies and applications. It is estimated that more than 25 billion devices will be connected by wireless IoT networks by 2020. In addition to ubiquitous connectivity, many envisioned applications of IoT, such as industrial automation, vehicle-to-everything (V2X) networks, smart grids, and remote surgery, will have stringent transmission latency and reliability requirements, which may not be supported by existing systems. Thus, there is an urgent need for rethinking the entire communication protocol stack for wireless IoT networks. In this tutorial paper, we review the various application scenarios, fundamental performance limits, and potential technical solutions for high-reliability and low-latency (HRLL) wireless IoT networks. We discuss physical, MAC (medium access control), and network layers of wireless IoT networks, which all have significant impacts on latency and reliability. For the physical layer, we discuss the fundamental information-theoretic limits for HRLL communications, and then we also introduce a frame structure and preamble design for HRLL communications. Then practical channel codes with finite block length are reviewed. For the MAC layer, we first discuss optimized spectrum and power resource management schemes and then recently proposed grant-free schemes are discussed. For the network layer, we discuss the optimized network structure (traffic dispersion and network densification), the optimal traffic allocation schemes and network coding schemes to minimize latency.;"High-reliability and low-latency wireless communication; Internet of Things (IoT); MAC layer; Network layer; Physical layer";Weak;Weak;1;1
161;2018;A cloud-based cyber-physical system for adaptive shop-floor scheduling and condition-based maintenance;"Manufacturing, through the Industry 4.0 concept, is moving to the next phase; that of digitalization. Industry 4.0 enables the transition of traditional manufacturing systems to modern digitalized ones, generating significant economic opportunities by reshaping of industry. This procedure requires high-performance processes and flexible production systems. The adoption of the Internet of Things (IoT) in manufacturing will enable effective and adaptive planning and control of production systems. Towards that end, the proposed work presents a cloud-based cyber-physical system for adaptive shop-floor scheduling and condition-based maintenance. The proposed system demonstrated that it is possible to deploy a cost-effective and reliable real-time data collection, processing, and analysis from the shop floor. It also demonstrates that such collected data can be used in an adaptive decision making system, which includes a multi-criteria decision-making algorithm and a condition-based maintenance strategy aiming to improve factory performances when compared to traditional approaches. The proposed system consists of different modules (monitoring, adaptive scheduling, condition-based maintenance) interconnected through the cloud-based platform, enabled by communication protocols under the Industry 4.0 and IoT paradigms. The proposed system is applied and validated in a real-case study from a high-precision mold-making industry.";"Cloud-based cyber-physical system; Adaptive shop-floor scheduling; Condition-based maintenance; Industry 4.0; Internet of Things (IoT)";Mature;Mature;4;1
162;2020;Knowledge Management in the Fourth Industrial Revolution: Mapping the Literature and Scoping Future Avenues;Due to increased competitive pressure, modern organizations tend to rely on knowledge and its exploitation to sustain a long-term advantage. This calls for a precise understanding of knowledge management (KM) processes and, specifically, how knowledge is created, shared/transferred, acquired, stored/retrieved, and applied throughout an organizational system. However, since the beginning of the new millennium, such KM processes have been deeply affected and molded by the advent of the fourth industrial revolution, also called Industry 4.0, which involves the interconnectedness of machines and their ability to learn and share data autonomously. For this reason, the present article investigates the intellectual structure and trends of KM in Industry 4.0. Bibliometric analysis and a systematic literature review are conducted on a total of 90 relevant articles. The results reveal six clusters of keywords, subsequently explored via a systematic literature review to identify potential stream of this emergent field and future research avenues capable of producing meaningful advances in managerial knowledge of Industry 4.0 and its consequences.;"Industries; bibliometrics; bibliographies; knowledge management; systematics; Internet of Things";Weak;Buzz;1;0
163;2021;Circular economy in the building and construction sector: A scientific evolution analysis;"The building industry is responsible for considerable environmental impacts due to its consumption of resources and energy, and the production of wastes. Circular Economy (CE), a new paradigm can significantly improve the sustainability of this sector. This paper performs a quantitative scientific evolution analysis of the application of CE in the building sector to detect new trends and highlight the evolvement of this research topic. Around 7000 documents published 2005 to 2020 at Web of Science and Scopus were collected and analyzed. The bibliometric indicators, network citation, and multivariate statistical analysis were obtained using Bibliometrix R-package and VOSviewer. The co-occurrence analysis showed five keyword-clusters, in which the three main ones are: (i) energy and energy efficiency in buildings; (ii) recycling, waste management and alternative construction materials; (iii) sustainable development. The analysis showed that researchers pay close attention to “sustainability”, “energy efficiency”, “life cycle assessment”, “renewable energy”, and “recycling” in the past five years. This paper highlights that (i) the development and use of alternative construction materials; (ii) the development of circular business models; (iii) smart cities, Industry 4.0 and their relations with CE, are the current research hotspots that may be considered as potential future research topics.";"Circular economy; building; construction sector; science mapping; bibliometric analysis; sustainable development";Buzz;Buzz;3;1
164;2021;Industry 4.0, cleaner production and circular economy: An integrative framework for evaluating ethical and sustainable business performance of manufacturing organizations;Organizations are increasingly facing pressure for changing manufacturing models from traditional to sustainable which accordingly reinforces the need for assessing their performance on sustainability issues. The present study developed a framework based on concepts of circular economy, sustainable cleaner production and Industry 4.0 standards to assess sustainability performance of manufacturing companies and to guide them in prioritizing investment in potential solutions for enhancing performance on sustainability. The study involved a mix of quantitative and qualitative research methods. An exhaustive review of related literature was conducted, followed by several rounds of discussions (Delphi Method) with experts, to identify and finalize practices related to Industry 4.0, cleaner production and circular economy. Best-Worst Method (BWM) was then used to prioritize identified practices. Majority of the sustainability frameworks in extant literature were validated using the case study approach. The present research combined case study approach with multi-criteria decision making (MCDM) tools, which enhanced applicability of the proposed framework. Findings suggest that circular economy practices are most important for increasing sustainability performance in manufacturing, followed by practices of cleaner production and Industry 4.0. ‘Supply Chain Traceability/Information’, ‘Reuse and recycling infrastructure’, and ‘Natural and clean environment’, were the top three practices identified for manufacturing organizations aiming to enhance sustainability. The findings provide empirical support for adopting practices of the circular economy, cleaner production and Industry 4.0 by manufacturing organizations to improve sustainability performance. The developed framework can be readily used by managers to evaluate their own as well as the upstream and/or downstream partners’ sustainability performance. It also provides policy guidance for promoting sustainability approaches in manufacturing.;"Industry 4.0; Cleaner production; Circular economy; Sustainable business performance; Ethical performance";Mature;Mature;4;1
165;2017;Industrial Process Monitoring in the Big Data/Industry 4.0 Era: From Detection, to Diagnosis, to Prognosis;We provide a critical outlook of the evolution of Industrial Process Monitoring (IPM) since its introduction almost 100 years ago. Several evolution trends that have been structuring IPM developments over this extended period of time are briefly referred, with more focus on data-driven approaches. We also argue that, besides such trends, the research focus has also evolved. The initial period was centred on optimizing IPM detection performance. More recently, root cause analysis and diagnosis gained importance and a variety of approaches were proposed to expand IPM with this new and important monitoring dimension. We believe that, in the future, the emphasis will be to bring yet another dimension to IPM: prognosis. Some perspectives are put forward in this regard, including the strong interplay of the Process and Maintenance departments, hitherto managed as separated silos.;"Industrial process monitoring; fault detection and diagnosis; prognosis; process health; equipment health";Buzz;Mature;3;0
166;2020;Blockchain for the IoT and industrial IoT: A review;The Internet of Things (IoT), especially the industrial IoT (IIoT), has rapidly developed and is receiving a lot of attention in academic areas and industry, but IoT privacy risks and security vulnerabilities are emerging from lack of fundamental security technology. The blockchain technique, due to its decentralization and information disclosure, was proposed as a decentralized and distributed approach to guarantee security requirements and motivate the development of the IoT and IIoT. In this paper, we first introduce the basic structure and main features of blockchain and summarize the security requirements to develop IoT and Industry 4.0. Then, we explore how blockchain can be applied to the IoT for Industry 4.0 using its security tools and technology. We describe the most relevant blockchain-based IoT applications to promote the functions and advantages of the blockchain technique on IoT and IIoT platforms. Finally, some recommendations are proposed to guide future blockchain researchers and developers.;"Blockchain; Internet of Things (IoT); Industrial IoT (IIoT); Smart contracts; Security; Decentralization; Interoperability";Weak;Buzz;1;0
167;2020;A Deep Learning Model for Smart Manufacturing Using Convolutional LSTM Neural Network Autoencoders;Time-series forecasting is applied to many areas of smart factories, including machine health monitoring, predictive maintenance, and production scheduling. In smart factories, machine speed prediction can be used to dynamically adjust production processes based on different system conditions, optimize production throughput, and minimize energy consumption. However, making accurate data-driven machine speed forecasts is challenging. Given the complex nature of industrial manufacturing process data, predictive models that are robust to noise and can capture the temporal and spatial distributions of input time-series signals are prerequisites for accurate forecasting. Motivated by recent deep learning studies in smart manufacturing, in this article, we propose an end-to-end model for multistep machine speed prediction. The model comprises a deep convolutional LSTM encoder-decoder architecture. Extensive empirical analyses using real-world data obtained from a metal packaging plant in the United Kingdom demonstrate the value of the proposed method when compared with the state-of-the-art predictive models.;"Forecasting; convolution; smart manufacturing; predictive models; logic gates; manufacturing processes";Weak;Emerging;1;0
168;2021;Industry 4.0 and sustainable development: A systematic mapping of triple bottom line, Circular Economy and Sustainable Business Models perspectives;Industry 4.0 has been identified as a major contributor to the era of digitalisation. Its implications for sustainable development have gained widespread attention from the perspectives of the triple bottom line, sustainable business models and circular economy. The purpose of this paper is to map the broad field of sustainable development and investigate the key research areas which comprises the aforementioned perspectives under Industry 4.0 framework. A systematic mapping review was conducted by searching five databases for relevant literature published between January 1, 2012 and April 17, 2020. The search yielded 4291 papers of which 81 were identified as primary papers relevant to the research herein. The primary findings are that the majority of sustainability research focuses on conceptual analysis, and the Internet of Things is dominantly cited with an emphasis on achieving the triple bottom line benefits. Sustainable development in the Industry 4.0 context contributes to circular economic objectives by achieving social, economic, and environmental benefits. Triple bottom line studies mainly focus on Industry 4.0 adoption and implementation, sustainable supply chains, smart and sustainable cities, and smart factories. Circular economy and sustainable business models as emerging research themes that focus on Industry 4.0 adoption and implementation, as well as sustainable supply chains. Our analysis consolidates emerging research patterns areas in both the Industry 4.0 and sustainability literature. Furthermore, it identifies salient research gaps and suggests future research.;"Industry 4.0; sustainable development; triple bottom line; circular economy; sustainable business models";Buzz;Mature;3;0
169;2020;Convergence of Blockchain and Edge Computing for Secure and Scalable IIoT Critical Infrastructures in Industry 4.0;Critical infrastructure systems are vital to underpin the functioning of a society and economy. Due to the ever-increasing number of Internet-connected Internet-of-Things (IoT)/Industrial IoT (IIoT), and the high volume of data generated and collected, security and scalability are becoming burning concerns for critical infrastructures in industry 4.0. The blockchain technology is essentially a distributed and secure ledger that records all the transactions into a hierarchically expanding chain of blocks. Edge computing brings the cloud capabilities closer to the computation tasks. The convergence of blockchain and edge computing paradigms can overcome the existing security and scalability issues. In this article, we first introduce the IoT/IIoT critical infrastructure in industry 4.0, and then we briefly present the blockchain and edge computing paradigms. After that, we show how the convergence of these two paradigms can enable secure and scalable critical infrastructures. Then, we provide a survey on the state of the art for security and privacy and scalability of IoT/IIoT critical infrastructures. A list of potential research challenges and open issues in this area is also provided, which can be used as useful resources to guide future research.;"Critical infrastructure; industries; edge computing; Internet of Things; scalability";Emerging;Emerging;2;1
170;2018;Occupational health and safety in the industry 4.0 era: A cause for major concern?;"Real-time communication, Big Data, human–machine cooperation, remote sensing, monitoring and process control, autonomous equipment and interconnectivity are becoming major assets in modern industry. As the fourth industrial revolution or Industry 4.0 becomes the predominant reality, it will bring new paradigm shifts, which will have an impact on the management of occupational health and safety (OHS).
In the midst of this new and accelerating industrial trend, are we giving due consideration to changes in OHS imperatives? Are the OHS consequences of Industry 4.0 being evaluated properly? Do we stand to lose any of the gains made through proactive approaches? Are there rational grounds for major concerns? In this article, we examine these questions in order to raise consciousness with regard to the integration of OHS into Industry 4.0.
It is clear that if the technologies driving Industry 4.0 develop in silos and manufacturers’ initiatives are isolated and fragmented, the dangers will multiply and the net impact on OHS will be negative. As major changes are implemented, previous gains in preventive management of workplace health and safety will be at risk. If we are to avoid putting technological progress and OHS on a collision course, researchers, field experts and industrialists will have to collaborate on a smooth transition towards Industry 4.0.";"Industry 4.0; Occupational health and safety (OHS)";Buzz;Buzz;3;1
171;2020;Machine learning applied in production planning and control: a state-of-the-art in the era of industry 4.0;Because of their cross-functional nature in the company, enhancing Production Planning and Control (PPC) functions can lead to a global improvement of manufacturing systems. With the advent of the Industry 4.0 (I4.0), copious availability of data, high-computing power and large storage capacity have made of Machine Learning (ML) approaches an appealing solution to tackle manufacturing challenges. As such, this paper presents a state-of-the-art of ML-aided PPC (ML-PPC) done through a systematic literature review analyzing 93 recent research application articles. This study has two main objectives: contribute to the definition of a methodology to implement ML-PPC and propose a mapping to classify the scientific literature to identify further research perspectives. To achieve the first objective, ML techniques, tools, activities, and data sources which are required to implement a ML-PPC are reviewed. The second objective is developed through the analysis of the use cases and the addressed characteristics of the I4.0. Results suggest that 75% of the possible research domains in ML-PPC are barely explored or not addressed at all. This lack of research originates from two possible causes: firstly, scientific literature rarely considers customer, environmental, and human-in-the-loop aspects when linking ML to PPC. Secondly, recent applications seldom couple PPC to logistics as well as to design of products and processes. Finally, two key pitfalls are identified in the implementation of ML-PPC models: the complexity of using Internet of Things technologies to collect data and the difficulty of updating the ML model to adapt it to the manufacturing system changes.;"Machine learning; Industry 4.0; smart manufacturing; production planning and control; state-of-the-art; systematic literature review";Emerging;Buzz;2;0
172;2019;Critical factors for the successful implementation of Industry 4.0: a review and future research direction;Industry 4.0 symbolizes the fourth industrial revolution and the current trend of automation and data exchange in manufacturing technologies. The purpose of this article is to examine the research question on how to successfully implement Industry 4.0 in organizations. This study through a systematic literature review protocol proposed by Tranfield, Denyer, and Smart analyzed 84 articles in depth. The descriptive, categorical and thematic analysis of the literature is conducted. This study identifies 10 critical success factors which are necessary for the successful implementation of Industry 4.0 in the organization. Based on the 10 critical success factors 10 research directions in this area is further expounded. This study can be used by the organizations as a guiding factor while implementing Industry 4.0 in their organizations. Focussing on these 10 factors will help organizations to be sustainable during the implementation of Industry 4.0. Though there are some literature reviews on Industry 4.0, this study critically analyses the literature for finding the critical factors for the successful implementation of Industry 4.0.;"Industry 4.0; cyber–physical systems; Internet of Things; critical success factors";Buzz;Mature;3;0
173;2017;Industry 4.0 impacts on lean production systems;"The fourth industrial revolution and its Industry 4.0 or connected industry technologies dominates the current discussion of production research. Digital developments like cyber-physical Systems are the key technologies for future, more agile production systems but a common understanding of the term Industry 4.0 is not established in this time. First generic implementation approaches present manifold technical solutions but miss an integrated consideration with existing Lean Production Systems. The actual impact of Industry 4.0 solutions is mostly not clearly specified and a method to evaluate is missing.
This paper introduces the Industry 4.0 in an environment of connectability in the Internet of Things and Services with the vision of a smart factory. The initial situation of industrial companies is characterized by Lean Production Systems and Lean Principles. For companies, Industry 4.0 offers an estimated benefit by stabilizing Lean processes with Industry 4.0 applications. To support the development process the presented Concept of an Industry 4.0 impact matrix on lean production systems gives a useable framework. The matrix considers elements of lean production systems with Industry 4.0 technologies and gives a first estimation of impact. In the described development process of a cyber-physical Just-in-Time delivery the matrix is used to find a stabilizing application for a Just-in-Time material supply process.";"Cyber-physical production system; connected industry; Industry 4.0; cyber-physical system; lean production; technology management";Weak;Buzz;1;0
174;2019;ManuChain: Combining Permissioned Blockchain With a Holistic Optimization Model as Bi-Level Intelligence for Smart Manufacturing;The growth of individualized product demands drives high flexibility of manufacturing processes, which requires large-scale deployment of Industrial Internet of Things (IIoT). Since centralized control of IIoT suffers from poor flexibility in coping with disturbances and changes, a decentralized organization structure is a better choice, in which a permissioned blockchain-driven IIoT can enable partially decentralized self-organization and thus offload and accelerate the optimization of upper-level manufacturing planning. A novel iterative bi-level hybrid intelligence model named ManuChain is proposed to get rid of unbalance/inconsistency between holistic planning and local execution in individualized manufacturing systems. Lower-level blockchain-driven smart contracts proactively decentralize fine-grained and individualized task execution among machine tools via Raspberry Pi-based smart gateways and make the results available on an upper-level digital twin model for iterative coarse-grained holistic optimization. A prototype ManuChain based on a permissioned blockchain network is presented to realize both lower-level crowd self-organizing intelligence and upper-level holistic optimization intelligence.;"Blockchain; manufacturing; smart contracts; logic gates; cloud computing; optimization; organizations";Emerging;Emerging;2;1
175;2021;A digital twin to train deep reinforcement learning agent for smart manufacturing plants: Environment, interfaces and intelligence;Filling the gaps between virtual and physical systems will open new doors in Smart Manufacturing. This work proposes a data-driven approach to utilize digital transformation methods to automate smart manufacturing systems. This is fundamentally enabled by using a digital twin to represent manufacturing cells, simulate system behaviors, predict process faults, and adaptively control manipulated variables. First, the manufacturing cell is accommodated to environments such as computer-aided applications, industrial Product Lifecycle Management solutions, and control platforms for automation systems. Second, a network of interfaces between the environments is designed and implemented to enable communication between the digital world and physical manufacturing plant, so that near-synchronous controls can be achieved. Third, capabilities of some members in the family of Deep Reinforcement Learning (DRL) are discussed with manufacturing features within the context of Smart Manufacturing. Trained results for Deep Q Learning algorithms are finally presented in this work as a case study to incorporate DRL-based artificial intelligence to the industrial control process. As a result, developed control methodology, named Digital Engine, is expected to acquire process knowledges, schedule manufacturing tasks, identify optimal actions, and demonstrate control robustness. The authors show that integrating a smart agent into the industrial platforms further expands the usage of the system-level digital twin, where intelligent control algorithms are trained and verified upfront before deployed to the physical world for implementation. Moreover, DRL approach to automated manufacturing control problems under facile optimization environments will be a novel combination between data science and manufacturing industries.;"Digital twin; Deep reinforcement learning; Smart manufacturing; Environment interfaces; Intelligent control";Weak;Emerging;1;0
176;2019;Digital-Twin-Based Job Shop Scheduling Toward Smart Manufacturing;Job shop scheduling always plays an important role in the manufacturing process and is one of the decisive factors influencing manufacturing efficiency. In the actual process of production scheduling, there exist some uncertain events, information asymmetry, and abnormal disturbance, which would cause the execution deviation and affect the efficiency and quality of scheduling execution. Traditional scheduling methods are not sufficient to solve the challenges well. Due to the rise of digital twin, which has the characters of virtual reality interaction, real-time mapping, and symbiotic evolution, a new job shop scheduling method based on digital twin is proposed to reduce the scheduling deviation. In this article, the architecture and working principle of the new job shop scheduling mode are introduced. Then, scheduling resource parameter updating methods and dynamic interactive scheduling strategies are proposed to achieve real-time and precise scheduling. Finally, a prototype system is designed to verify the validity of this new job shop scheduling mode.;"Job shop scheduling; dynamic scheduling; conferences; real-time systems; manufacturing";Emerging;Emerging;2;1
177;2017;The Digital Twin of an Industrial Production Line Within the Industry 4.0 Concept;This article presents the digital twin concept, which is an augmented manufacturing project created in close collaboration by SOVA Digital and the Institute of Automation, Measurement and Applied Informatics (ÚAMAI), of the Faculty of Mechanical Engineering, Slovak University of Technology in Bratislava with the support of SIEMENS. The project is a technological concept focusing on the continuous optimization of production processes, proactive maintenance, and continuous processing of process data. This project is the basis for further work to promote the concept of Industry 4.0. for the needs of the industry subjects within Slovakia. Its basic goal is to support the existing production structures within the automotive industry and the most efficient use of resources by augmented production and planning strategies, such as the digital twin presented here.;"Production; industries; optimization; manipulators; genetic algorithms; linear programming; manufacturing";Emerging;Mature;2;0
178;2019;Current research and future perspectives on human factors and ergonomics in Industry 4.0;The journey toward Industry 4.0 and the increasing implementation of Cyber Physical Systems are evoking changes in human work and work organization, thus, creating new challenges and opportunities. To take advantage of these opportunities and deal with the challenges, we must gain a holistic understanding of the emerging socio-technical interactions and apply new human-centric approaches and methods when introducing new digital technologies and designing Industry 4.0-enabled work systems. In this paper, we present the findings of a systematic literature review, consisting of quantitative and qualitative data, focusing on investigating to what extent, what type, and how academic publications on Industry 4.0 integrate human factors and ergonomics in their research. Based on these findings, we point to future research needs, highlighting the need for further empirical evidence and improved collaboration between the academic fields of Industry 4.0, human factors, and ergonomics, as well as with practitioners.;"Human factors; Ergonomics; Industry 4.0; Cyber-physical systems; Human-machine interaction; Systematic literature review";Weak;Emerging;1;0
179;2021;Industry 4.0 Technologies for Manufacturing Sustainability: A Systematic Review and Future Research Directions;Recent developments in manufacturing processes and automation have led to the new industrial revolution termed “Industry 4.0”. Industry 4.0 can be considered as a broad domain which includes: data management, manufacturing competitiveness, production processes and efficiency. The term Industry 4.0 includes a variety of key enabling technologies i.e., cyber physical systems, Internet of Things, artificial intelligence, big data analytics and digital twins which can be considered as the major contributors to automated and digital manufacturing environments. Sustainability can be considered as the core of business strategy which is highlighted in the United Nations (UN) Sustainability 2030 agenda and includes smart manufacturing, energy efficient buildings and low-impact industrialization. Industry 4.0 technologies help to achieve sustainability in business practices. However, very limited studies reported about the extensive reviews on these two research areas. This study uses a systematic literature review approach to find out the current research progress and future research potential of Industry 4.0 technologies to achieve manufacturing sustainability. The role and impact of different Industry 4.0 technologies for manufacturing sustainability is discussed in detail. The findings of this study provide new research scopes and future research directions in different research areas of Industry 4.0 which will be valuable for industry and academia in order to achieve manufacturing sustainability with Industry 4.0 technologies.;"Industry 4.0; sustainability; manufacturing; smart manufacturing; Internet of Things; cloud manufacturing; artificial intelligence; sustainable manufacturing";Buzz;Buzz;3;1
180;2019;A Smart Manufacturing Service System Based on Edge Computing, Fog Computing, and Cloud Computing;The state-of-the-art technologies in new generation information technologies (New IT) greatly stimulate the development of smart manufacturing. In a smart manufacturing environment, more and more devices would be connected to the Internet so that a large volume of data can be obtained during all phases of the product lifecycle. Cloud-based smart manufacturing paradigm facilitates a new variety of applications and services to analyze a large volume of data and enable large-scale manufacturing collaboration. However, different factors, such as the network unavailability, overfull bandwidth, and latency time, restrict its availability for high-speed and low-latency real-time applications. Fog computing and edge computing extended the compute, storage, and networking capabilities of the cloud to the edge, which will respond to the above-mentioned issues. Based on cloud computing, fog computing, and edge computing, in this paper, a hierarchy reference architecture is introduced for smart manufacturing. The architecture is expected to be applied in the digital twin shop floor, which opens a bright perspective of new applications within the field of manufacturing.;"Cloud computing; edge computing; smart manufacturing; computer architecture; manufacturing systems; real-time systems";Weak;Emerging;1;0
181;2017;A review of essential standards and patent landscapes for the Internet of Things: A key enabler for Industry 4.0;This paper is a formal overview of standards and patents for Internet of Things (IoT) as a key enabler for the next generation advanced manufacturing, referred as Industry 4.0 (I 4.0). IoT at the fundamental level is a means of connecting physical objects to the Internet as a ubiquitous network that enables objects to collect and exchange information. The manufacturing industry is seeking versatile manufacturing service provisions to overcome shortened product life cycles, increased labor costs, and fluctuating customer needs for competitive marketplaces. This paper depicts a systematic approach to review IoT technology standards and patents. The thorough analysis and overview include the essential standard landscape and the patent landscape based on the governing standards organizations for America, Europe and China where most global manufacturing bases are located. The literature of emerging IoT standards from the International Organization for Standardization (ISO), the International Electrotechnical Commission (IEC) and the Guobiao standards (GB), and global patents issued in US, Europe, China and World Intellectual Property Organization (WIPO) are systematically presented in this study.;"Cyber-physical systems (CPS); Industry 4.0; Internet of Things (IoT); Patent analysis; Technology standards";Emerging;Emerging;2;1
182;2020;AI-based modeling and data-driven evaluation for smart manufacturing processes;Smart manufacturing refers to optimization techniques that are implemented in production operations by utilizing advanced analytics approaches. With the widespread increase in deploying industrial internet of things ( IIOT ) sensors in manufacturing processes, there is a progressive need for optimal and effective approaches to data management. Embracing machine learning and artificial intelligence to take advantage of manufacturing data can lead to efficient and intelligent automation. In this paper, we conduct a comprehensive analysis based on evolutionary computing and neural network algorithms toward making semiconductor manufacturing smart. We propose a dynamic algorithm for gaining useful insights about semiconductor manufacturing processes and to address various challenges. We elaborate on the utilization of a genetic algorithm and neural network to propose an intelligent feature selection algorithm. Our objective is to provide an advanced solution for controlling manufacturing processes and to gain perspective on various dimensions that enable manufacturers to access effective predictive technologies.;"Feature extraction; artificial intelligence; manufacturing processes; classification algorithms; smart manufacturing";Weak;Buzz;1;0
183;2019;Prototyping a Digital Twin for Real Time Remote Control Over Mobile Networks: Application of Remote Surgery;"The concept of digital twin (DT) has emerged to enable the benefits of future paradigms such as the industrial Internet of Things and Industry 4.0. The idea is to bring every data source and control interface description related to a product or process available through a single interface, for auto-discovery and automated communication establishment. However, designing the architecture of a DT to serve every future application is an ambitious task. Therefore, the prototyping systems for specific applications are required to design the DT incrementally. We developed a novel DT prototype to analyze the requirements of communication in a mission-critical application such as mobile networks supported remote surgery. Such operations require low latency and high levels of security and reliability and therefore are a perfect subject for analyzing DT communication and cybersecurity. The system comprised of a robotic arm and HTC vive virtual reality (VR) system connected over a 4G mobile network. More than 70 test users were employed to assess the system. To address the cybersecurity of the system, we incorporated a network manipulation module to test the effect of network outages and attacks; we studied state of the art practices and their utilization within DTs. The capability of the system for actual remote surgery is limited by capabilities of the VR system and insufficient feedback from the robot. However, simulations and research of remote surgeries could be conducted with the system. As a result, we propose ideas for communication establishment and necessary cybersecurity technologies that will help in developing the DT architecture. Furthermore, we concluded that developing the DT requires cross-disciplinary development in several different engineering fields. Each field makes use of its own tools and methods, which do not always fit together perfectly. This is a potentially major obstacle in the realization of Industry 4.0 and similar concepts.";"Robots; surgery; real-time systems; computer security; task analysis; reliability";Emerging;Emerging;2;1
184;2019;A six-layer architecture for the digital twin: a manufacturing case study implementation;Industry 4.0, cyber-physical production systems (CPPS) and the Internet of Things (IoT) are current focusses in automation and data exchange in manufacturing, arising from the rapid increase in capabilities in information and communication technologies and the ubiquitous internet. A key enabler for the advances promised by CPPSs is the concept of a digital twin, which is the virtual representation of a real-world entity, or the physical twin. An important step towards the success of Industry 4.0 is the establishment of practical reference architectures. This paper presents an architecture for such a digital twin, which enables the exchange of data and information between a remote emulation or simulation and the physical twin. The architecture comprises different layers, including a local data layer, an IoT Gateway layer, cloud-based databases and a layer containing emulations and simulations. The architecture can be implemented in new and legacy production facilities, with a minimal disruption of current installations. This architecture provides a service-based and real-time enabled infrastructure for vertical and horizontal integration. To evaluate the architecture, it was implemented for a small, but typical, physical manufacturing system component.;"Industry 4.0; cyber-physical systems (CPS); Internet of Things (IoT); digital twin; OPC; Tecnomatix";Emerging;Emerging;2;1
185;2019;Cloud-based manufacturing equipment and big data analytics to enable on-demand manufacturing services;Making manufacturing as on-demand cloud services is a transformative paradigm to achieve the required business flexibility in the context of Industry 4.0 via enabling rapid configuration of loosely-connected manufacturing devices to develop highly customized products. The research in this paper aimed to fill the gap that there is a lack of a feasible solution for cloud-based manufacturing equipment that can provide on-demand manufacturing services accessible via the Internet. The technical challenges in developing cloud-based manufacturing equipment and the enabling technologies are discussed. A generic system architecture for cloud-based manufacturing equipment based on cyber-physical production systems and big data analytics is proposed, allowing manufacturing equipment to be connected to the cloud and made available for the provision of on-demand manufacturing services. An industry implementation in a world-leading machinery solution provider confirms that the proposed system architecture for cloud-based manufacturing equipment can successfully enable on-demand manufacturing services provisioned via the Internet and can be extended to businesses that endeavor to transform legacy production systems into cloud-based cyber-physical production systems.;"Cloud manufacturing; Big data analytics; Cyber-physical production system; Industry 4.0; Digital twin";Emerging;Emerging;2;1
186;2021;Challenges and Opportunities in Securing the Industrial Internet of Things;Given the tremendous success of the Internet of Things in interconnecting consumer devices, we observe a natural trend to likewise interconnect devices in industrial settings, referred to as industrial Internet of Things or Industry 4.0. While this coupling of industrial components provides many benefits, it also introduces serious security challenges. Although sharing many similarities with the consumer Internet of Things, securing the industrial Internet of Things introduces its own challenges but also opportunities, mainly resulting from a longer lifetime of components and a larger scale of networks. In this article, we identify the unique security goals and challenges of the industrial Internet of Things, which, unlike consumer deployments, mainly follow from safety and productivity requirements. To address these security goals and challenges, we provide a comprehensive survey of research efforts to secure the industrial Internet of Things, discuss their applicability, and analyze their security benefits.;"Internet of Things; authentication; denial-of-service attack; industries; software; privacy";Weak;Buzz;1;0
187;2020;A Systematic Review of Digital Technology Adoption in Off-Site Construction: Current Status and Future Direction towards Industry 4.0;Off-site construction (OSC) is known as an efficient construction method that could save time and cost, reduce waste of resources, and improve the overall productivity of projects. Coupled with digital technologies associated with the Industry 4.0 concept, OSC can offer a higher rate of productivity and safety. While there is a rich literature focusing on both OSC and Industry 4.0, the implementation of associated digital technologies in the OSC context has not been fully evaluated. This paper intends to evaluate the current literature of digital technology applications in OSC. Scientometric analyses and a systematic review were carried out evaluating fifteen typical digital technologies adopted by OSC projects, including building information modelling (BIM), radio frequency identification devices (RFID), global positioning systems (GPS), the Internet of Things (IoT), geographic information systems (GIS), sensors, augmented reality (AR), virtual reality (VR), photogrammetry, laser scanning, artificial intelligence (AI), 3D printing, robotics, big data, and blockchain. This review formulates a clear picture of the current practice of these digital technologies and summarizes the main area of application and limitations of each technology when utilized in OSC. The review also points out their potential and how they can be better adopted to improve OSC practice in the future.;"Modular construction; prefabrication; prefabricated construction; technology adoption; BIM";Buzz;Mature;3;0
188;2020;Manufacturing big data ecosystem: A systematic literature review;Advanced manufacturing is one of the core national strategies in the US (AMP), Germany (Industry 4.0) and China (Made-in China 2025). The emergence of the concept of Cyber Physical System (CPS) and big data imperatively enable manufacturing to become smarter and more competitive among nations. Many researchers have proposed new solutions with big data enabling tools for manufacturing applications in three directions: product, production and business. Big data has been a fast-changing research area with many new opportunities for applications in manufacturing. This paper presents a systematic literature review of the state-of-the-art of big data in manufacturing. Six key drivers of big data applications in manufacturing have been identified. The key drivers are system integration, data, prediction, sustainability, resource sharing and hardware. Based on the requirements of manufacturing, nine essential components of big data ecosystem are captured. They are data ingestion, storage, computing, analytics, visualization, management, workflow, infrastructure and security. Several research domains are identified that are driven by available capabilities of big data ecosystem. Five future directions of big data applications in manufacturing are presented from modelling and simulation to real-time big data analytics and cybersecurity.;"Manufacturing big data; Big data ecosystem; Data ingestion; Data analytics; Cloud computing; Cyber-physical systems; Smart manufacturing";Emerging;Buzz;2;0
189;2019;Data Analytics and Machine Learning for Smart Process Manufacturing: Recent Advances and Perspectives in the Big Data Era;Safe, efficient, and sustainable operations and control are primary objectives in industrial manufacturing processes. State-of-the-art technologies heavily rely on human intervention, thereby showing apparent limitations in practice. The burgeoning era of big data is influencing the process industries tremendously, providing unprecedented opportunities to achieve smart manufacturing. This kind of manufacturing requires machines to not only be capable of relieving humans from intensive physical work, but also be effective in taking on intellectual labor and even producing innovations on their own. To attain this goal, data analytics and machine learning are indispensable. In this paper, we review recent advances in data analytics and machine learning applied to the monitoring, control, and optimization of industrial processes, paying particular attention to the interpretability and functionality of machine learning models. By analyzing the gap between practical requirements and the current research status, promising future research directions are identified.;"Big data; machine learning; smart manufacturing; process systems engineering";Weak;Buzz;1;0
190;2018;Towards The Internet of Smart Clothing: A Review on IoT Wearables and Garments for Creating Intelligent Connected E-Textiles;Technology has become ubiquitous, it is all around us and is becoming part of us. Together with the rise of the Internet of Things (IoT) paradigm and enabling technologies (e.g., Augmented Reality (AR), Cyber-Physical Systems, Artificial Intelligence (AI), blockchain or edge computing), smart wearables and IoT-based garments can potentially have a lot of influence by harmonizing functionality and the delight created by fashion. Thus, smart clothes look for a balance among fashion, engineering, interaction, user experience, cybersecurity, design and science to reinvent technologies that can anticipate needs and desires. Nowadays, the rapid convergence of textile and electronics is enabling the seamless and massive integration of sensors into textiles and the development of conductive yarn. The potential of smart fabrics, which can communicate with smartphones to process biometric information such as heart rate, temperature, breathing, stress, movement, acceleration, or even hormone levels, promises a new era for retail. This article reviews the main requirements for developing smart IoT-enabled garments and shows smart clothing potential impact on business models in the medium-term. Specifically, a global IoT architecture is proposed, the main types and components of smart IoT wearables and garments are presented, their main requirements are analyzed and some of the most recent smart clothing applications are studied. In this way, this article reviews the past and present of smart garments in order to provide guidelines for the future developers of a network where garments will be connected like other IoT objects: the Internet of Smart Clothing.;"Smart clothing; smart garments; wearables; Internet of Things; IoT; e-textiles; electronic textiles; Industry 4.0; biometrics; sensors; blockchain";Buzz;Weak;3;0
191;2021;A review on deep learning in machining and tool monitoring: methods, opportunities, and challenges;Data-driven methods provided smart manufacturing with unprecedented opportunities to facilitate the transition toward Industry 4.0–based production. Machine learning and deep learning play a critical role in developing intelligent systems for descriptive, diagnostic, and predictive analytics for machine tools and process health monitoring. This paper reviews the opportunities and challenges of deep learning (DL) for intelligent machining and tool monitoring. The components of an intelligent monitoring framework are introduced. The main advantages and disadvantages of machine learning (ML) models are presented and compared with those of deep models. The main DL models, including autoencoders, deep belief networks, convolutional neural networks (CNNs), and recurrent neural networks (RNNs), were discussed, and their applications in intelligent machining and tool condition monitoring were reviewed. The opportunities of data-driven smart manufacturing approach applied to intelligent machining were discussed to be (1) automated feature engineering, (2) handling big data, (3) handling high-dimensional data, (4) avoiding sensor redundancy, (5) optimal sensor fusion, and (6) offering hybrid intelligent models. Finally, the data-driven challenges in smart manufacturing, including the challenges associated with the data size, data nature, model selection, and process uncertainty, were discussed, and the research gaps were outlined.;"Smart manufacturing; tool condition monitoring; data-driven manufacturing; tool wear; intelligent machining monitoring; machine learning; deep learning; feature selection; neural networks; artificial intelligence";Buzz;Buzz;3;1
192;2018;Part data integration in the Shop Floor Digital Twin: Mobile and cloud technologies to enable a manufacturing execution system;"The availability of data from a manufacturing operation can be used to enable an increase in capability, adaptability, and awareness of the process. In current cyber-physical systems, data are collected from pieces of manufacturing equipment and used to drive useful change and affect production output. The data gathered typically describe the operating state of the equipment, such as a machine tool, and can be provided using standard protocols. One such protocol, known as MTConnect, is becoming increasingly popular to collect data from machine tools. Other useful data can be collected from production personnel using a Manufacturing Execution System (MES) to monitor process output, consumable usage, and operator productivity. However, MTConnect data and MES data usually reside in separate systems that may be proprietary and expensive. This paper describes the development and implementation of a new MES, powered by Android devices and cloud computing tools, that combines MTConnect data with production data collected from operators; the proposed MES is particularly suitable for small manufacturing enterprises, as it is low-cost and easily implementable. A case study using the MES to track a production run of titanium parts is presented, and data from the MES are correlated with MTConnect data from a machine tool. This work is integral to realizing a complete digital model of the shop floor, known as the Shop Floor Digital Twin, that can be used for production control and optimization.";"Shop Floor Digital Twin; Manufacturing Execution System (MES); Mobile computing; Cloud computing; Data integration; MTConnect";Emerging;Emerging;2;1
193;2021;Potentials of industry 4.0 for supply chain management within the triple bottom line of sustainability e A systematic literature review;Industry 4.0 has been studied in the existing literature from the perspective of supply chain management or the triple bottom line of sustainability, but both perspectives have not yet been sufficiently combined. In response, this paper summarizes the current state of the literature on Industry 4.0-related potentials in the context of the triple bottom line with respect to supply chain management. To do so, the study conducts a systematic literature review, based on 55 academic articles, which are thematically analyzed and categorized according to supply chain management processes in industrial value creation. First, this study elaborates a holistic perspective on the potentials of Industry 4.0 for supply chain management with respect to the triple bottom line. Second, the interrelations between the dimensions of the triple bottom line are analyzed concerning potential conflicts and enabling technologies. Research gaps and implications for managerial practice are highlighted, such as the role of small and medium-sized enterprises within Industry 4.0, developing economies, multi-tier supply chain management, information sharing across the supply chain, and the interplay of ecological and social dimensions with economic benefits, reflected in new forms of business models, which must still be better understood.;"Industry 4.0; Supply chain management; Sustainability; Triple bottom line; Systematic literature review";Mature;Buzz;4;0
194;2020;Big data and stream processing platforms for Industry 4.0 requirements mapping for predictive mainenance;"Industry 4.0 is considered to be the fourth industrial revolution introducing a new paradigm of digital, autonomous, and decentralized control for manufacturing systems. Two key objectives for Industry 4.0 applications are to guarantee maximum uptime throughout the production chain and to increase productivity while reducing production cost. As the data-driven economy evolves, enterprises have started to utilize big data techniques to achieve these objectives. Big data and IoT technologies are playing a pivotal role in building data-oriented applications such as predictive maintenance.
In this paper, we use a systematic methodology to review the strengths and weaknesses of existing open-source technologies for big data and stream processing to establish their usage for Industry 4.0 use cases. We identified a set of requirements for the two selected use cases of predictive maintenance in the areas of rail transportation and wind energy. We conducted a breadth-first mapping of predictive maintenance use-case requirements to the capabilities of big data streaming technologies focusing on open-source tools. Based on our research, we propose some optimal combinations of open-source big data technologies for our selected use cases.";"Big data; Stream processing; Industry 4.0; Predictive maintenance; Cyber-physical systems; Smart manufacturing";Weak;Buzz;1;0
195;2019;Blockchain applicationfor indutry 4.0b and IoT;The potential of blockchain has been extensively discussed in the literature and media mainly in finance and payment industry. One relatively recent trend is at the enterprise-level, where blockchain serves as the infrastructure for internet security and immutability. Emerging application domains include Industry 4.0 and Industrial Internet of Things (IIoT). Therefore, in this paper, we comprehensively review existing blockchain applications in Industry 4.0 and IIoT settings. Specifically, we present the current research trends in each of the related industrial sectors, as well as successful commercial implementations of blockchain in these relevant sectors. We also discuss industry-specific challenges for the implementation of blockchain in each sector. Further, we present currently open issues in the adoption of the blockchain technology in Industry 4.0 and discuss newer application areas. We hope that our findings pave the way for empowering and facilitating research in this domain, and assist decision-makers in their blockchain adoption and investment in Industry 4.0 and IIoT space.;"Industries; medical services; peer-to-peer computing; Internet of Things; contracts; production";Emerging;Emerging;2;1
196;2020;Blockchain envisioned UAV networks: Challenges.solutions;Unmanned Aerial Vehicles (UAV) or drones is a technology with a huge potential for proving different efficient solutions in the smart city. It has been mostly adopted by military, aviation, civil, and commercial sectors for audio and video surveillance. The communication and security challenges of UAV is well mentioned by researchers and organizations (defense) around the world, although many of the challenges remain unresolved (especially for sensitive and consumer-related applications). Moreover, the conventional network systems may not be very efficient in dealing with the dynamic requirements of UAVs. As the UAVs are generally deployed in tough environments and terrains, therefore it is quite essential to provide a strong and secure network. Motivated from these facts, this paper presents an extensive survey on security issues in 5G-enabled UAV networks as per the literature published till the fourth quarter of 2019. It also presents the taxonomy of existing security issues in 5G-enabled UAV networks. Based on the findings from the survey, we present a Blockchain (BC)-based security solution and a summary of research challenges in the integration of BC with 5G-enabled UAV. Then, we present a case study of implementing BC with UAVs to secure industrial applications.;"Blockchain; UAV networks; 5G; Security; Decentralization";Emerging;Weak;2;0
197;2021;Sensor-Fault Detection, Isolation and Accommod;Sensor technologies empower Industry 4.0 by enabling integration of in-field and real-time raw data into digital twins. However, sensors might be unreliable due to inherent issues and/or environmental conditions. This article aims at detecting anomalies in measurements from sensors, identifying the faulty ones and accommodating them with appropriate estimated data, thus paving the way to reliable digital twins. More specifically, we propose a general machine-learning-based architecture for sensor validation built upon a series of neural-network estimators and a classifier. Estimators correspond to virtual sensors of all unreliable sensors (to reconstruct normal behaviour and replace the isolated faulty sensor within the system), whereas the classifier is used for detection and isolation tasks. A comprehensive statistical analysis on three different real-world data-sets is conducted and the performance of the proposed architecture validated under hard and soft synthetically-generated faults.;"Sensor systems; artificial neural networks; reliability; fault detection; hidden Markov models; wireless sensor networks";Buzz;Buzz;3;1
198;2017;Big Data Analytics for Physical Internet-based intelligent Manufacturing;Physical Internet (PI, ?) has been widely used for transforming and upgrading the logistics and supply chain management worldwide. This study extends the PI concept into manufacturing shop floors where typical logistics resources are converted into smart manufacturing objects (SMOs) using Internet of Things (IoT) and wireless technologies to create a RFID-enabled intelligent shop floor environment. In such PI-based environment, enormous RFID data could be captured and collected. This study introduces a Big Data Analytics for RFID logistics data by defining different behaviours of SMOs. Several findings are significant. It is observed that task weight is primarily considered in the logistics decision-making in this case. Additionally, the highest residence time occurs in a buffer with the value of 12.17 (unit of time) which is 40.57% of the total delivery time. That implies the high work-in-progress inventory level in this buffer. Key findings and observations are generated into managerial implications, which are useful for various users to make logistics decisions under PI-enabled intelligent shop floors.;"Physical Internet; big data; radio frequency identification (RFID); logistics; intelligent shop floors";Emerging;Buzz;2;0
199;2017;Differentiating Digital Twin from Digital Shadow,elucidating a paradigm shifts ;Construction projects and cities account for over 50% of carbon emissions and energy consumption. Industry 4.0 and digital transformation may increase productivity and reduce energy consumption. A digital twin (DT) is a key enabler in implementing Industry 4.0 in the areas of construction and smart cities. It is an emerging technology that connects different objects by utilising the advanced Internet of Things (IoT). As a technology, it is in high demand in various industries, and its literature is growing exponentially. Previous digital modeling practices, the use of data acquisition tools, human–computer–machine interfaces, programmable cities, and infrastructure, as well as Building Information Modeling (BIM), have provided digital data for construction, monitoring, or controlling physical objects. However, a DT is supposed to offer much more than digital representation. Characteristics such as bi-directional data exchange and real-time self-management (e.g., self-awareness or self-optimisation) distinguish a DT from other information modeling systems. The need to develop and implement DT is rising because it could be a core technology in many industrial sectors post-COVID-19. This paper aims to clarify the DT concept and differentiate it from other advanced 3D modeling technologies, digital shadows, and information systems. It also intends to review the state of play in DT development and offer research directions for future investigation. It recommends the development of DT applications that offer rapid and accurate data analysis platforms for real-time decisions, self-operation, and remote supervision requirements post-COVID-19. The discussion in this paper mainly focuses on the Smart City, Engineering and Construction (SCEC) sectors.;"Digital shadow; digital twin; sensor; Internet of Things; smart city; engineering; construction; energy; cyber-physical; deep learning; blockchain; Intelligent Construction 4.0";Emerging;Emerging;2;1
